FINNGEN_CHR,FINNGEN_BP,FINNGEN_ref,FINNGEN_alt,FINNGEN_rsids,FINNGEN_nearest_genes,FINNGEN_p_value,FINNGEN_mlogp,FINNGEN_beta,FINNGEN_std_error,FINNGEN_alt_allele_freq,FINNGEN_alt_allele_freq_cases,FINNGEN_alt_allele_freq_controls
4,73959976,G,T,rs775049057,CXCL1P1,0.00600081,2.22179,-0.720683,0.262283,0.000359236,0.000204551,0.000371824
4,74019642,C,T,rs181931734,RN7SL218P,0.00789024,2.10291,-0.130342,0.0490612,0.0076634,0.00685402,0.00772926
4,74016675,C,A,rs74701487,RN7SL218P,0.00944931,2.0246,-0.127246,0.0490285,0.00768141,0.00688818,0.00774597
4,73979203,C,T,,PF4,0.0109911,1.95896,-1.50226,0.590746,0.000491176,0.000445971,0.000494854
4,73997726,C,T,rs74505573,CXCL5,0.0130746,1.88357,0.0787404,0.031728,0.0173055,0.0181818,0.0172342
4,73968914,A,T,,PF4,0.0141504,1.84923,0.744257,0.303355,0.000217919,0.000354059,0.00020684
4,73996446,A,T,rs139084547,CXCL5,0.0142253,1.84694,0.0736061,0.0300246,0.0191997,0.0199077,0.019142
4,73989960,G,A,rs1047515668,PPBP,0.0157551,1.80258,0.745543,0.308772,0.000209732,0.000341873,0.000198979
4,73979131,G,A,rs1489408061,PF4,0.0172334,1.76363,0.506745,0.212767,0.000939315,0.00109498,0.000926647
4,73990878,G,GT,"rs776488380,rs142201165",PPBP,0.0174502,1.7582,0.0647907,0.0272564,0.0233843,0.0240711,0.0233284
4,73968342,A,G,rs351997,PF4,0.018276,1.73812,-0.0315833,0.0133828,0.896134,0.893718,0.896331
4,73962922,T,C,rs189511,PF4,0.0186922,1.72834,-0.0314565,0.0133765,0.896094,0.893688,0.89629
4,73958140,T,A,rs614822,CXCL1P1,0.0187845,1.7262,-0.0314287,0.0133752,0.896105,0.893704,0.896301
4,73960552,G,T,rs416176,CXCL1P1,0.0188313,1.72512,-0.0314176,0.0133757,0.896104,0.893703,0.896299
4,73935298,A,G,,HNRNPA1P55,0.0199508,1.70004,-1.5772,0.677702,0.000105507,6.49377e-05,0.000108808
4,73945210,C,CCTT,"rs34773024,rs397764162",CXCL1P1,0.0214383,1.66881,-0.0307522,0.0133695,0.896074,0.893706,0.896266
4,73958859,C,G,rs189510660,CXCL1P1,0.0216501,1.66454,-0.0900947,0.0392322,0.0113512,0.0104793,0.0114222
4,73931198,A,G,rs164617,HNRNPA1P55,0.0220943,1.65572,-0.0305893,0.0133651,0.896098,0.893726,0.896292
4,73932849,T,C,rs164616,HNRNPA1P55,0.0220958,1.65569,-0.0305899,0.0133655,0.896097,0.893725,0.89629
4,73931662,G,GGGGTGA,rs11270585,HNRNPA1P55,0.0221024,1.65556,-0.0305877,0.0133652,0.896098,0.893726,0.896292
4,73931664,T,TATC,rs370302715,HNRNPA1P55,0.0221045,1.65552,-0.0305873,0.0133652,0.896098,0.893726,0.896292
4,73932229,T,A,rs352023,HNRNPA1P55,0.022134,1.65494,-0.0305808,0.0133654,0.896099,0.893727,0.896292
4,73944706,T,C,rs352013,CXCL1P1,0.0221687,1.65426,-0.0305827,0.0133697,0.896088,0.893725,0.89628
4,73935808,A,G,rs164615,HNRNPA1P55,0.022248,1.65271,-0.0305549,0.0133655,0.896056,0.8937,0.896247
4,73931422,T,G,rs352024,HNRNPA1P55,0.0222972,1.65175,-0.0305425,0.013365,0.896097,0.893725,0.89629
4,73939605,T,C,rs352018,HNRNPA1P55,0.0223476,1.65077,-0.0305362,0.0133672,0.89609,0.893726,0.896282
4,73941773,G,A,rs1898002,HNRNPA1P55,0.0229155,1.63987,-0.0304044,0.0133655,0.895855,0.893495,0.896047
4,73945482,G,A,rs4694656,CXCL1P1,0.0231521,1.63541,-0.0303564,0.0133674,0.896045,0.893666,0.896239
4,73944739,G,C,rs2043537,CXCL1P1,0.0238825,1.62192,-0.0301967,0.0133672,0.896059,0.893683,0.896253
4,73932035,G,A,rs4694653,HNRNPA1P55,0.024001,1.61977,-0.0301439,0.013355,0.895713,0.89339,0.895902
4,73977301,C,T,rs2472655,PF4,0.0244236,1.61219,-0.0300934,0.0133725,0.895854,0.893505,0.896045
4,73944365,G,C,rs1025596,CXCL1P1,0.0244461,1.61179,-0.0300622,0.0133607,0.895985,0.893626,0.896177
4,73975668,T,C,rs1594230,PF4,0.0244968,1.61089,-0.0300764,0.0133717,0.895868,0.89352,0.89606
4,73976855,C,T,rs1836663,PF4,0.0245431,1.61007,-0.0300667,0.0133718,0.895853,0.893506,0.896044
4,73973354,T,C,rs6820253,PF4,0.0247417,1.60657,-0.0300205,0.0133697,0.895868,0.893521,0.896058
4,73939129,C,G,rs1821623,HNRNPA1P55,0.0255394,1.59279,-0.0298391,0.0133619,0.895686,0.893421,0.89587
4,73975847,G,C,rs1594229,PF4,0.0264503,1.57757,-0.0297098,0.0133856,0.895989,0.893681,0.896177
4,73987108,A,G,rs1002693408,PPBP,0.0299123,1.52415,0.23753,0.109398,0.0015165,0.00177764,0.00149525
4,73979437,G,T,rs1156553,PF4,0.030265,1.51906,-0.0289788,0.0133752,0.895685,0.893388,0.895872
4,73979415,T,C,rs1156554,PF4,0.0302789,1.51886,-0.0289757,0.0133749,0.895683,0.893386,0.89587
4,73985167,T,G,rs188987172,PPBP,0.0304215,1.51682,0.314684,0.14538,0.000882547,0.00101682,0.00087162
4,73968389,T,C,rs1232844984,PF4,0.0331406,1.47964,-1.08576,0.509654,0.000268766,0.00019799,0.000274525
4,74010358,GC,G,rs545931452,RN7SL218P,0.0408442,1.38887,-0.0797844,0.0390124,0.0114322,0.0107421,0.0114884
4,73954159,T,G,rs3114083,CXCL1P1,0.043417,1.36234,-0.0243695,0.012066,0.868055,0.866256,0.868202
4,73988198,C,T,rs145838347,PPBP,0.0483048,1.31601,0.534264,0.270558,0.000272806,0.000373691,0.000264596
4,73989703,T,C,rs898531994,PPBP,0.0504464,1.29717,1.06028,0.54202,0.000283724,0.000334947,0.000279556
4,73948924,CAAG,C,"rs145692835,rs3048297",CXCL1P1,0.0528969,1.27657,-0.0233387,0.0120566,0.867917,0.866161,0.868059
4,73948408,TA,T,"rs11308929,rs397994011",CXCL1P1,0.0554115,1.2564,-0.023065,0.0120404,0.867465,0.865647,0.867613
4,74006503,G,A,rs140110056,RP11-19B4.2,0.0557789,1.25353,0.528625,0.276368,0.000257872,0.000361558,0.000249434
4,73951125,C,T,rs958585003,CXCL1P1,0.0603949,1.219,0.424161,0.22587,0.000292745,0.000463833,0.000278823
4,73960939,G,C,rs75050408,CXCL1P1,0.0654124,1.18434,-0.0864669,0.0469309,0.0079461,0.00740446,0.00799018
4,73935903,A,ATT,rs1432892811,HNRNPA1P55,0.065447,1.18411,-0.451888,0.245299,0.000649912,0.00049388,0.00066261
4,73935900,TGAA,T,rs1338085484,HNRNPA1P55,0.065447,1.18411,-0.451888,0.245299,0.000649912,0.00049388,0.00066261
4,73999475,C,T,rs115104021,RP11-19B4.2,0.0690669,1.16073,-0.0360721,0.0198418,0.0452344,0.0431675,0.0454026
4,74031132,A,G,rs114371679,CXCL3,0.0708973,1.14937,-0.308728,0.170933,0.000615058,0.000489194,0.000625301
4,73945344,T,A,rs1042790480,CXCL1P1,0.0733618,1.13453,-0.525329,0.293385,0.000273343,0.00019523,0.0002797
4,73955899,G,A,rs13128887,CXCL1P1,0.0759591,1.11942,-0.021038,0.0118548,0.862106,0.860532,0.862234
4,73955429,A,G,rs6813021,CXCL1P1,0.0759854,1.11927,-0.0210358,0.0118547,0.862106,0.860533,0.862234
4,73984206,A,G,rs447206,PF4,0.0763889,1.11697,-0.0234096,0.0132106,0.893166,0.891357,0.893313
4,73952689,T,C,rs2367443,CXCL1P1,0.0770655,1.11314,-0.0209572,0.0118538,0.862097,0.86053,0.862225
4,73941610,T,C,rs147836741,HNRNPA1P55,0.0772859,1.1119,0.449901,0.254663,0.00029849,0.000391553,0.000290917
4,73985515,G,A,rs442155,PPBP,0.0784748,1.10527,-0.0232486,0.0132124,0.893174,0.89137,0.893321
4,74027744,T,A,rs1427203525,CXCL3,0.0799374,1.09725,-0.111496,0.0636739,0.00536501,0.00495969,0.005398
4,73954231,G,C,rs6822890,CXCL1P1,0.080473,1.09435,-0.0207186,0.0118531,0.862077,0.860491,0.862206
4,73958318,G,A,rs6819077,CXCL1P1,0.0808407,1.09237,-0.0206963,0.0118547,0.862119,0.860534,0.862248
4,73938429,C,G,rs1207860836,HNRNPA1P55,0.0822735,1.08474,0.401768,0.231214,0.000367086,0.000493412,0.000356806
4,73956457,A,G,rs4694658,CXCL1P1,0.0825049,1.08352,-0.0205862,0.0118561,0.862092,0.860558,0.862217
4,73942339,C,A,rs1203445828,CXCL1P1,0.0830596,1.08061,-0.420264,0.242478,0.000332071,0.000214237,0.00034166
4,73990818,C,T,rs2457996,PPBP,0.0832109,1.07982,-0.022833,0.0131804,0.892708,0.891037,0.892844
4,73979945,G,T,rs1401329957,PF4,0.0832952,1.07938,0.401066,0.231579,0.000366443,0.000487059,0.000356628
4,73994399,C,T,rs1268824111,CXCL5,0.0835834,1.07788,-0.403191,0.233023,0.000378756,0.000284538,0.000386423
4,73990094,T,TG,"rs35033774,rs386400491",PPBP,0.0841143,1.07513,-0.0227848,0.013191,0.892688,0.891011,0.892825
4,73983635,T,C,rs394408,PF4,0.084126,1.07507,-0.0227842,0.0131911,0.892687,0.89101,0.892824
4,73985106,T,A,rs193263,PPBP,0.084126,1.07507,-0.0227841,0.0131911,0.892688,0.89101,0.892824
4,73984988,C,T,rs191601,PPBP,0.084126,1.07507,-0.0227841,0.0131911,0.892688,0.89101,0.892824
4,73984906,T,C,rs168449,PPBP,0.0841279,1.07506,-0.022784,0.0131911,0.892688,0.89101,0.892824
4,73985976,G,A,rs352009,PPBP,0.0841298,1.07505,-0.0227838,0.0131911,0.892688,0.89101,0.892824
4,73985943,T,C,rs377579,PPBP,0.0841298,1.07505,-0.0227838,0.0131911,0.892688,0.89101,0.892824
4,73966320,G,T,rs9291189,PF4,0.0843937,1.07369,-0.0204533,0.0118519,0.861942,0.860456,0.862063
4,73990141,A,G,rs552582,PPBP,0.0844384,1.07346,-0.0227609,0.0131909,0.892687,0.891011,0.892824
4,74027592,G,A,rs1357518874,CXCL3,0.0857571,1.06673,0.968374,0.563592,0.000238132,0.000273811,0.000235229
4,73973766,A,C,rs75971653,PF4,0.0865745,1.06261,-0.0344562,0.0201057,0.0445074,0.0423819,0.0446804
4,73967656,A,T,rs8180167,PF4,0.0866842,1.06206,-0.0203076,0.0118539,0.861951,0.860435,0.862075
4,73939755,G,T,rs2115695,HNRNPA1P55,0.0870102,1.06043,-0.0213666,0.012485,0.878092,0.876397,0.87823
4,73940273,T,C,rs4694654,HNRNPA1P55,0.0870122,1.06042,-0.0213668,0.0124852,0.878091,0.876397,0.878229
4,73956357,T,A,rs4694657,CXCL1P1,0.0870382,1.06029,-0.0202865,0.011855,0.862064,0.860516,0.86219
4,74016079,GT,G,rs533487645,RN7SL218P,0.0871766,1.0596,0.074269,0.0434199,0.00944951,0.00977955,0.00942266
4,73984853,AGT,A,"rs3048320,rs397836719",PPBP,0.0884973,1.05307,-0.0224599,0.0131855,0.892523,0.890908,0.892654
4,73965771,G,A,rs10017182,PF4,0.0892134,1.04957,-0.0201404,0.0118504,0.86191,0.860412,0.862032
4,73981575,G,C,rs352007,PF4,0.0894067,1.04863,-0.0224161,0.0131973,0.892768,0.891125,0.892902
4,73933866,A,G,rs10805071,HNRNPA1P55,0.0900949,1.0453,-0.0211536,0.0124807,0.877971,0.876319,0.878106
4,73932613,A,G,rs7668241,HNRNPA1P55,0.0900969,1.04529,-0.0211527,0.0124803,0.877972,0.876319,0.878106
4,73951378,A,G,rs4399951,CXCL1P1,0.0905107,1.0433,-0.0200529,0.0118466,0.861964,0.860434,0.862089
4,73962730,G,A,rs3906613,PF4,0.090567,1.04303,-0.0200523,0.0118483,0.861911,0.860417,0.862033
4,73963615,C,A,rs10033521,PF4,0.0906192,1.04278,-0.0200495,0.0118486,0.861912,0.860418,0.862034
4,73960370,C,A,rs10938105,CXCL1P1,0.0910249,1.04084,-0.0200222,0.0118473,0.861909,0.860417,0.862031
4,73959772,C,A,rs13120504,CXCL1P1,0.0912452,1.03979,-0.0200083,0.0118471,0.861906,0.860416,0.862027
4,73960051,T,C,rs12498174,CXCL1P1,0.0912851,1.0396,-0.0200059,0.0118472,0.861906,0.860418,0.862028
4,73974605,T,G,,PF4,0.0931623,1.03076,0.820382,0.488629,8.45568e-05,0.000133364,8.0585e-05
4,73992652,G,GA,rs33935231,CXCL5,0.0933577,1.02985,-0.0218874,0.0130442,0.890373,0.888595,0.890517
4,73992771,G,C,rs420389,CXCL5,0.0933641,1.02982,-0.0218867,0.013044,0.890373,0.888595,0.890517
4,73992253,C,A,rs440676,CXCL5,0.0934136,1.02959,-0.0218841,0.0130444,0.890372,0.888594,0.890516
4,73992583,T,A,rs2564594,CXCL5,0.0934286,1.02952,-0.0218827,0.0130442,0.890372,0.888595,0.890517
4,73992334,G,A,rs450373,CXCL5,0.0934781,1.02929,-0.0218797,0.0130444,0.890372,0.888595,0.890516
4,73937981,G,A,rs1439778963,HNRNPA1P55,0.0942193,1.02586,-0.0998061,0.0596372,0.00473941,0.00458959,0.0047516
4,73985414,A,G,rs144714538,PPBP,0.094241,1.02576,-0.226022,0.135065,0.000943626,0.000765192,0.000958146
4,73990969,C,CT,rs34254376,PPBP,0.0942432,1.02575,-0.0218334,0.0130471,0.890375,0.888605,0.890519
4,73986201,A,G,rs183028,PPBP,0.0947458,1.02344,-0.020687,0.0123809,0.875005,0.873433,0.875132
4,73990946,T,C,rs187080,PPBP,0.0952972,1.02092,-0.0217773,0.0130552,0.890453,0.888683,0.890597
4,73969559,A,T,rs1375656291,PF4,0.0957613,1.01881,-0.0993698,0.0596545,0.00473817,0.00459146,0.00475011
4,73939285,T,A,rs1424582160,HNRNPA1P55,0.0983218,1.00735,1.27691,0.772461,0.000267876,0.000278185,0.000267037
4,73974728,T,A,rs4694660,PF4,0.0992385,1.00332,-0.0195896,0.0118829,0.862764,0.861174,0.862894
4,73974896,A,T,rs4694661,PF4,0.100076,0.999672,-0.0195417,0.0118832,0.862791,0.861205,0.86292
4,73968741,C,A,rs1595008,PF4,0.100085,0.99963,-0.0195502,0.0118886,0.862969,0.861382,0.863098
4,73975080,G,GTCACCTCACCCA,rs78552932,PF4,0.100231,0.998997,-0.0195331,0.0118834,0.862785,0.861202,0.862914
4,73976472,C,T,rs6810940,PF4,0.100856,0.9963,-0.0195006,0.0118854,0.862799,0.861216,0.862928
4,73935672,G,T,rs7662553,HNRNPA1P55,0.101778,0.992344,-0.0204183,0.0124784,0.877923,0.876341,0.878052
4,73972755,A,T,rs6446973,PF4,0.101932,0.991691,-0.0194325,0.0118812,0.862784,0.861208,0.862913
4,73975076,ACTT,A,rs747802308,PF4,0.102089,0.991023,-0.0194081,0.0118718,0.862278,0.860684,0.862408
4,73971685,T,C,rs4694180,PF4,0.102581,0.988932,-0.0193934,0.0118798,0.86277,0.861203,0.862897
4,73971435,C,A,rs4694659,PF4,0.102863,0.987741,-0.0193779,0.0118801,0.86278,0.861208,0.862908
4,73969650,A,G,rs2175498,PF4,0.103269,0.986028,-0.0193569,0.0118812,0.862794,0.86123,0.862921
4,73977223,C,T,rs1244804726,PF4,0.106736,0.971691,-0.220006,0.136392,0.000972319,0.000853928,0.000981954
4,73958580,A,G,,CXCL1P1,0.106751,0.97163,-0.304517,0.188792,0.000517432,0.0003689,0.000529519
4,73957359,A,T,rs75300673,CXCL1P1,0.107127,0.9701,-0.0192319,0.0119361,0.140536,0.137165,0.14081
4,73968278,GC,G,rs1444393769,PF4,0.107615,0.968127,0.417257,0.259326,0.000277658,0.000358277,0.000271097
4,73991798,G,A,rs426901,PPBP,0.11094,0.954913,-0.0206371,0.0129469,0.888322,0.886735,0.888452
4,73934102,T,A,rs1456317254,HNRNPA1P55,0.111102,0.954278,-0.304393,0.191051,0.000970125,0.000775711,0.000985946
4,73948046,G,A,rs746264762,CXCL1P1,0.111674,0.952046,-0.179306,0.112721,0.00140695,0.00116638,0.00142652
4,73994521,T,C,rs2437285,CXCL5,0.111889,0.951213,-0.0206859,0.013012,0.889695,0.888108,0.889824
4,73991941,C,A,rs409336,CXCL5,0.11289,0.947344,-0.0205201,0.0129437,0.888289,0.886722,0.888417
4,73968138,G,A,rs141015270,PF4,0.119144,0.923928,0.3951,0.253533,0.000310023,0.000386293,0.000303817
4,73935471,A,G,rs575542598,HNRNPA1P55,0.119489,0.922671,-0.117025,0.0751646,0.00296693,0.00267833,0.00299041
4,73960196,G,A,rs576605186,CXCL1P1,0.122069,0.913395,-0.116281,0.0752069,0.00296682,0.00268051,0.00299012
4,73947114,C,G,rs11939236,CXCL1P1,0.122389,0.912258,-0.0187773,0.012155,0.870066,0.868628,0.870183
4,73938275,TAAA,T,rs879380922,HNRNPA1P55,0.122681,0.911221,-0.0296533,0.0192103,0.0481794,0.0464333,0.0483215
4,74019652,T,A,rs138268738,RN7SL218P,0.122971,0.910197,0.0392994,0.0254791,0.0267181,0.0270885,0.026688
4,74026218,C,G,rs187669695,CXCL3,0.123412,0.908641,-0.0504792,0.0327658,0.0157255,0.0155838,0.015737
4,74012075,T,C,rs1290903611,RN7SL218P,0.123953,0.906743,-0.420323,0.273223,0.000267539,0.000194292,0.0002735
4,73939501,T,C,rs1173619703,HNRNPA1P55,0.126657,0.897372,-0.413777,0.270899,0.000868196,0.000791281,0.000874455
4,73975424,C,T,rs571492731,PF4,0.126858,0.896683,-0.114883,0.0752538,0.00296481,0.00268421,0.00298765
4,73991219,C,T,rs537261242,PPBP,0.127946,0.892974,-0.12446,0.0817601,0.00293909,0.00258839,0.00296763
4,74016543,C,CT,"rs11424035,rs869091081,rs397785484",RN7SL218P,0.141479,0.849308,-0.0338992,0.0230559,0.967268,0.966873,0.9673
4,73989514,A,G,rs352010,PPBP,0.142425,0.846415,-0.0187465,0.0127804,0.884378,0.882944,0.884494
4,73968939,C,T,rs1595009,PF4,0.145333,0.837636,-0.0159935,0.0109829,0.832521,0.831132,0.832634
4,73931558,T,G,rs1053601904,HNRNPA1P55,0.146318,0.834703,0.0640505,0.0440918,0.00922137,0.00943627,0.00920388
4,73953025,G,A,rs352032,CXCL1P1,0.15044,0.822636,-0.0751883,0.0522875,0.0063979,0.00607118,0.00642449
4,73994911,G,C,rs1026914337,CXCL5,0.150669,0.821976,0.360995,0.251184,0.000291119,0.000370723,0.000284641
4,73957494,C,T,rs564130341,CXCL1P1,0.152101,0.817868,0.098381,0.0686946,0.00361532,0.00389496,0.00359256
4,73962524,A,G,rs555946206,CXCL1P1,0.152295,0.817314,0.0983356,0.0686955,0.00361562,0.00389485,0.0035929
4,74021184,A,T,rs28710935,RN7SL218P,0.154794,0.810247,0.0325971,0.0229105,0.0336144,0.0347944,0.0335183
4,73940886,T,C,rs1330533127,HNRNPA1P55,0.155473,0.808345,0.38966,0.274319,0.000190401,0.000299432,0.000181528
4,73963275,G,A,rs142528074,PF4,0.155717,0.807663,-0.0514239,0.0362236,0.013139,0.0126234,0.013181
4,73936278,A,G,rs184331652,HNRNPA1P55,0.158756,0.79927,0.169401,0.120205,0.00115329,0.00132693,0.00113916
4,73986502,G,A,rs190615189,PPBP,0.162271,0.789758,-0.110457,0.0790402,0.0027782,0.00258131,0.00279422
4,73986503,G,A,rs182902460,PPBP,0.162271,0.789758,-0.110457,0.0790402,0.0027782,0.00258131,0.00279422
4,73993227,T,C,rs1428289325,CXCL5,0.163833,0.785598,0.173871,0.124881,0.00109306,0.00127256,0.00107846
4,73974658,G,A,rs917914632,PF4,0.163903,0.785413,-0.149649,0.107501,0.0015774,0.00138874,0.00159276
4,73969540,C,T,rs1169016296,PF4,0.165043,0.782404,0.159948,0.11521,0.00127634,0.00156434,0.0012529
4,74007885,T,C,rs187082,RP11-19B4.2,0.166929,0.777467,-0.0178692,0.0129286,0.8884,0.886882,0.888523
4,73979009,G,T,rs139537738,PF4,0.168594,0.773158,-0.185722,0.1349,0.00106068,0.000876945,0.00107563
4,73933766,C,T,rs530442378,HNRNPA1P55,0.168653,0.773005,0.0535868,0.0389285,0.0118062,0.0120319,0.0117878
4,73939550,C,T,rs563480613,HNRNPA1P55,0.169371,0.771162,0.0534943,0.0389268,0.0118069,0.0120314,0.0117886
4,74015033,G,A,rs352054,RN7SL218P,0.169892,0.769828,-0.0313152,0.0228153,0.966653,0.966315,0.96668
4,73993677,C,T,rs184541609,CXCL5,0.171268,0.766323,0.177471,0.129717,0.0010967,0.00129198,0.00108081
4,73972128,T,G,rs188184283,PF4,0.171345,0.766129,-0.184347,0.134767,0.00106252,0.000880122,0.00107737
4,73937470,TA,T,rs765899328,HNRNPA1P55,0.171479,0.76579,0.208202,0.152254,0.000827193,0.00104582,0.000809401
4,73938275,TA,T,rs144634713,HNRNPA1P55,0.172857,0.762314,-0.460243,0.337649,0.000405259,0.000304119,0.00041349
4,73935770,C,A,rs184761,HNRNPA1P55,0.174342,0.758599,-0.458642,0.337638,0.000405361,0.000304431,0.000413574
4,73984538,A,G,rs187727263,PPBP,0.175294,0.756233,-0.282787,0.208639,0.000381009,0.000308076,0.000386944
4,74017713,C,T,rs1476431117,RN7SL218P,0.177521,0.750751,0.442493,0.328155,0.000171485,0.000230953,0.000166645
4,73956336,G,A,rs182016730,CXCL1P1,0.178271,0.748919,-0.434161,0.322534,0.000184875,0.000125032,0.000189745
4,73977626,A,G,rs183688357,PF4,0.179511,0.745908,-0.433827,0.323206,0.000183319,0.00012347,0.00018819
4,74002744,T,G,rs164758,RP11-19B4.2,0.184532,0.733929,-0.016891,0.0127294,0.8841,0.882605,0.884221
4,73940243,T,C,rs1472243733,HNRNPA1P55,0.18459,0.733791,0.164038,0.123639,0.00110795,0.00128875,0.00109323
4,73959603,T,C,rs570173023,CXCL1P1,0.185295,0.732137,-0.153222,0.115672,0.00143115,0.00127339,0.00144399
4,73993858,A,G,rs1224364883,CXCL5,0.185982,0.730529,-0.0675518,0.0510766,0.00651517,0.00629828,0.00653282
4,73972698,A,C,rs1369942934,PF4,0.186293,0.729804,-0.191783,0.145111,0.000773716,0.000694734,0.000780144
4,74023013,G,T,rs72652916,RN7SL218P,0.1962,0.7073,0.0293413,0.022702,0.0338033,0.0354567,0.0336687
4,73959379,G,C,rs554418386,CXCL1P1,0.197155,0.705193,-0.252076,0.195453,0.000431041,0.00035635,0.000437119
4,74016219,G,C,rs550387168,RN7SL218P,0.198622,0.701973,-0.236412,0.183909,0.000555069,0.000442638,0.000564218
4,73976207,A,C,rs182377615,PF4,0.201045,0.696707,-0.250042,0.195562,0.000430857,0.000356819,0.000436882
4,73975357,C,G,rs1362136805,PF4,0.201289,0.69618,-0.175693,0.137487,0.00101131,0.000840024,0.00102525
4,73936345,T,C,rs1454283705,HNRNPA1P55,0.206846,0.684352,0.229863,0.1821,0.000863912,0.000824349,0.000867132
4,74019712,T,C,rs187434601,RN7SL218P,0.207958,0.682024,0.220165,0.174845,0.000708718,0.000762953,0.000704305
4,73959612,G,T,rs57228462,CXCL1P1,0.215398,0.666759,-0.250145,0.201915,0.000575376,0.000397906,0.000589818
4,73981494,G,A,rs747219092,PF4,0.216173,0.665199,-0.313345,0.253358,0.000434259,0.000241785,0.000449922
4,73969484,G,T,rs111434507,PF4,0.216536,0.664469,-0.249645,0.202012,0.000572841,0.000397333,0.000587123
4,73998970,T,G,rs352045,RP11-19B4.2,0.218601,0.660348,-0.0159479,0.0129631,0.889026,0.887639,0.889139
4,73997944,A,G,rs536772191,"CXCL5,RP11-19B4.2",0.21865,0.66025,-0.0607348,0.0493729,0.00720731,0.00679929,0.00724051
4,73965205,A,G,rs534448250,PF4,0.219366,0.65883,-0.291249,0.237132,0.000277822,0.000240535,0.000280857
4,73976499,C,T,rs532421994,PF4,0.220485,0.656621,-0.290649,0.237218,0.00027823,0.000240899,0.000281268
4,74017737,T,A,rs182816048,RN7SL218P,0.220975,0.655657,0.09023,0.073721,0.0031188,0.00340108,0.00309583
4,73933442,C,T,rs576639226,HNRNPA1P55,0.221843,0.653954,-0.138039,0.112995,0.00154932,0.0013514,0.00156542
4,73998280,T,C,rs425535,"CXCL5,RP11-19B4.2",0.222133,0.653387,-0.0158287,0.0129651,0.889019,0.88765,0.889131
4,73948272,G,T,rs189266221,CXCL1P1,0.222763,0.652157,-1.46513,1.2017,6.31992e-05,5.6814e-05,6.37188e-05
4,73980469,G,A,rs188770400,PF4,0.223578,0.650571,-0.188439,0.15483,0.000635836,0.000588241,0.000639709
4,73960230,C,T,rs429846,CXCL1P1,0.225236,0.647362,-0.0645088,0.0531934,0.00611729,0.0057933,0.00614365
4,73960994,G,GCTCTTGCCT,"rs58016186,rs397943805",CXCL1P1,0.225587,0.646685,-0.0644658,0.0531982,0.00611692,0.00579299,0.00614328
4,74002863,G,A,rs566574397,RP11-19B4.2,0.226741,0.644469,-0.199273,0.164853,0.000703087,0.000578346,0.000713238
4,73998833,G,C,rs352046,RP11-19B4.2,0.22874,0.640657,-0.0154765,0.0128584,0.886602,0.885316,0.886707
4,73954731,T,C,rs1441421958,CXCL1P1,0.229407,0.639394,-0.250568,0.208479,0.00051724,0.000366817,0.000529481
4,73938278,A,T,rs2367439,HNRNPA1P55,0.230607,0.637128,-0.0135449,0.0112987,0.843909,0.843033,0.84398
4,73958468,T,C,rs369803993,CXCL1P1,0.230891,0.636593,0.353614,0.295153,0.000223507,0.00029261,0.000217884
4,73956659,G,GTA,"rs146832670,rs758541218",CXCL1P1,0.231237,0.635942,-0.0647634,0.0540968,0.00609984,0.00581913,0.00612269
4,73953820,A,T,rs1261982292,CXCL1P1,0.231491,0.635466,-0.370839,0.309929,0.000423752,0.000310836,0.000432941
4,73966114,C,A,rs351996,PF4,0.23202,0.634474,-0.0636455,0.0532522,0.00611392,0.00578992,0.00614028
4,73966151,T,C,rs164757,PF4,0.232861,0.632904,-0.0635348,0.0532553,0.00611144,0.00578961,0.00613763
4,74021185,C,A,rs353008,RN7SL218P,0.237927,0.623557,-0.0277686,0.0235291,0.968355,0.96817,0.96837
4,73988173,A,T,rs768731221,PPBP,0.240447,0.61898,-0.104482,0.0890065,0.0023029,0.00202098,0.00232584
4,73959679,T,A,rs1213907635,CXCL1P1,0.24284,0.614679,-0.254634,0.218024,0.000449938,0.000369473,0.000456486
4,73939683,T,A,rs535524592,HNRNPA1P55,0.245276,0.610345,-0.0572589,0.0492804,0.00720478,0.00680424,0.00723737
4,74022655,T,C,rs535397370,RN7SL218P,0.249493,0.602942,-0.117219,0.10179,0.00172464,0.00149367,0.00174344
4,74025093,C,CTGTGTG,rs139536915,CXCL3,0.253244,0.59646,0.0459562,0.0402241,0.0111628,0.0113966,0.0111438
4,73996373,C,G,rs352047,CXCL5,0.253472,0.59607,-0.0146966,0.0128697,0.886915,0.885736,0.887011
4,73992161,G,A,rs779047675,CXCL5,0.253773,0.595555,-0.207864,0.182139,0.000518459,0.000463052,0.000522968
4,74018654,T,C,rs145893115,RN7SL218P,0.253918,0.595307,-0.090528,0.0793489,0.00310825,0.00295474,0.00312074
4,73962720,T,G,rs1256297869,PF4,0.254689,0.59399,1.20536,1.05823,0.000191345,0.000202885,0.000190406
4,73950766,G,A,rs75921245,CXCL1P1,0.255793,0.592111,0.0526194,0.046304,0.00765275,0.00836847,0.00759451
4,74000604,C,CTG,"rs986530560,rs765729100",RP11-19B4.2,0.25612,0.591556,0.139386,0.122741,0.00130239,0.00145633,0.00128986
4,73938278,A,ATT,,HNRNPA1P55,0.258259,0.587945,-0.035049,0.0310027,0.0178397,0.0171825,0.0178932
4,73976035,G,A,rs188542258,PF4,0.262511,0.580853,0.123917,0.110593,0.00168735,0.00160855,0.00169376
4,73985938,G,T,rs1357056229,PPBP,0.264203,0.578062,-0.20016,0.179272,0.000647726,0.000580742,0.000653177
4,74005013,C,T,rs190466596,RP11-19B4.2,0.269187,0.569946,0.153527,0.138947,0.000823247,0.000994583,0.000809304
4,74007568,G,A,rs776171090,RP11-19B4.2,0.275524,0.559841,0.309486,0.28382,0.000242329,0.000274175,0.000239738
4,74010590,A,G,rs113700114,RN7SL218P,0.276552,0.558223,0.222999,0.204944,0.000560665,0.000504972,0.000565197
4,74028797,A,AATAT,rs1309807765,CXCL3,0.277394,0.556903,-0.326806,0.300873,0.000212464,0.000178618,0.000215218
4,73993285,AGTATAT,A,rs138516538,CXCL5,0.27882,0.554676,-0.0124704,0.011515,0.852323,0.851291,0.852408
4,73993686,C,T,rs12512838,CXCL5,0.278837,0.55465,-0.0124697,0.0115147,0.852326,0.851293,0.85241
4,74006079,C,T,rs112020934,RP11-19B4.2,0.280032,0.552792,0.220964,0.20455,0.000564035,0.00050716,0.000568663
4,73982348,G,C,rs3756074,PF4,0.280704,0.551752,-0.0236293,0.0219045,0.0360384,0.0351573,0.0361101
4,73989082,A,T,rs542020048,PPBP,0.280861,0.551508,-0.0694289,0.0643822,0.00417767,0.00393506,0.00419741
4,73991991,A,G,rs2472649,CXCL5,0.282069,0.549644,-0.012386,0.0115146,0.852297,0.851278,0.85238
4,74021481,C,T,rs760449406,RN7SL218P,0.284565,0.545819,-0.163747,0.153017,0.000675702,0.000658021,0.000677141
4,73983385,AAC,A,"rs141879127,rs769429950",PF4,0.285403,0.544542,0.0125205,0.0117205,0.142494,0.143507,0.142411
4,73942105,G,A,rs74829304,CXCL1P1,0.285601,0.544241,0.0302573,0.0283356,0.0220035,0.0225347,0.0219603
4,74014768,C,T,rs186565246,RN7SL218P,0.28723,0.54177,-0.116901,0.109847,0.00143853,0.00128631,0.00145092
4,73938270,T,TTTC,rs879631088,HNRNPA1P55,0.291169,0.535855,-0.0254067,0.0240694,0.0302888,0.0292033,0.0303771
4,73953195,C,T,,CXCL1P1,0.295982,0.528734,0.21267,0.203495,0.000912091,0.00105358,0.000900576
4,73984289,G,A,rs567759712,PPBP,0.296048,0.528638,-0.104951,0.100436,0.0017685,0.00154559,0.00178664
4,73941290,G,A,rs7666671,HNRNPA1P55,0.301439,0.520801,-0.0320913,0.0310555,0.0177393,0.0170708,0.0177937
4,73932293,G,A,rs78267059,HNRNPA1P55,0.302778,0.518876,-0.0320054,0.0310583,0.0177404,0.0170714,0.0177948
4,73943195,A,G,rs768876380,CXCL1P1,0.303748,0.517486,-0.220217,0.21413,0.000393428,0.000344373,0.00039742
4,73935555,T,G,rs76595330,HNRNPA1P55,0.304301,0.516696,-0.0319054,0.0310589,0.0177393,0.0170713,0.0177937
4,73938727,G,A,rs116254820,HNRNPA1P55,0.305671,0.514746,-0.0318153,0.031059,0.0177384,0.0170712,0.0177927
4,73945252,TCTC,T,rs139239225,CXCL1P1,0.305979,0.514308,-0.0317783,0.0310427,0.017741,0.0170741,0.0177952
4,73940225,C,G,rs938094,HNRNPA1P55,0.306478,0.513601,-0.0317623,0.031059,0.0177378,0.0170712,0.0177921
4,73989717,A,G,rs9291191,PPBP,0.306948,0.512935,-0.024032,0.0235228,0.0319515,0.0314221,0.0319945
4,73942117,AC,A,rs148686014,CXCL1P1,0.307627,0.511976,-0.0316867,0.0310588,0.0177368,0.0170708,0.017791
4,74010950,G,A,rs75761808,RN7SL218P,0.307799,0.511733,0.0232124,0.0227605,0.0349071,0.0353263,0.034873
4,73989324,A,G,,PPBP,0.311682,0.506288,-0.331903,0.328065,0.000290731,0.000206634,0.000297575
4,74022519,AT,A,rs577195272,RN7SL218P,0.31528,0.501304,-0.635715,0.633053,0.000115512,6.40524e-05,0.000119699
4,73962092,C,T,rs933822051,CXCL1P1,0.315874,0.500486,0.174014,0.173498,0.000676815,0.000662708,0.000677963
4,74017301,C,A,rs114974190,RN7SL218P,0.317247,0.498603,0.205499,0.205472,0.000529914,0.00056814,0.000526803
4,73946906,C,T,rs1363156309,CXCL1P1,0.320244,0.494519,0.101623,0.102241,0.00171324,0.00182101,0.00170447
4,73960921,T,C,rs1175882715,CXCL1P1,0.320864,0.493679,-0.186398,0.187771,0.000728599,0.000703014,0.000730681
4,73952025,A,C,,CXCL1P1,0.325468,0.487492,-0.24929,0.253528,0.000301073,0.000280424,0.000302753
4,73942211,A,G,rs1435521,CXCL1P1,0.325597,0.48732,-0.0111476,0.0113402,0.845747,0.845346,0.84578
4,73940365,C,T,rs4694655,HNRNPA1P55,0.32656,0.486037,-0.0111214,0.0113361,0.845667,0.845277,0.845699
4,73941695,C,A,rs114952511,HNRNPA1P55,0.329928,0.481581,-0.0246013,0.0252513,0.0276452,0.0264841,0.0277396
4,73937375,T,C,rs773315604,HNRNPA1P55,0.330217,0.481201,-0.379852,0.390121,0.000134361,9.77971e-05,0.000137337
4,73944768,C,G,,CXCL1P1,0.33089,0.480317,0.444456,0.457106,8.20723e-05,0.000106702,8.0068e-05
4,73953951,A,G,rs1197315314,CXCL1P1,0.333735,0.476598,-0.228986,0.236894,0.000298526,0.000257199,0.000301889
4,73931235,A,G,rs144360100,HNRNPA1P55,0.333947,0.476322,-0.0695622,0.0719961,0.0034391,0.00311357,0.00346559
4,74015418,G,A,rs114045543,RN7SL218P,0.335951,0.473724,-0.0813355,0.0845311,0.00245222,0.00229339,0.00246515
4,73939206,G,T,rs6446970,HNRNPA1P55,0.342312,0.465578,-0.0107687,0.0113402,0.845605,0.8453,0.84563
4,73970689,C,T,rs79454658,PF4,0.343391,0.464211,0.0192158,0.0202808,0.0433671,0.0439171,0.0433224
4,73940477,A,T,rs13136948,HNRNPA1P55,0.349246,0.456868,-0.0106091,0.0113339,0.84548,0.845221,0.845501
4,73986259,C,A,,PPBP,0.351364,0.454243,-1.03597,1.11162,0.000177633,0.000164818,0.000178676
4,73955830,C,A,,CXCL1P1,0.354257,0.450681,0.629647,0.679697,6.43043e-05,9.65473e-05,6.16804e-05
4,73985820,T,A,rs560453786,PPBP,0.356527,0.447908,0.305077,0.330886,0.000156134,0.000221944,0.000150779
4,73985832,G,C,rs532456539,PPBP,0.356527,0.447908,0.305077,0.330886,0.000156134,0.000221944,0.000150779
4,73953095,G,A,rs352031,CXCL1P1,0.35667,0.447734,-0.0507564,0.0550665,0.00554716,0.00539863,0.00555925
4,73983385,AACAC,A,"rs71791754,rs780219909,rs10579199,rs796457085",PF4,0.357474,0.446756,-0.0106763,0.0116023,0.853159,0.852506,0.853212
4,74031810,G,T,rs755763026,CXCL3,0.35912,0.44476,0.094529,0.10308,0.00162883,0.00173025,0.00162058
4,74006053,T,C,rs186392927,RP11-19B4.2,0.359662,0.444106,-0.0352092,0.0384375,0.0117132,0.0114568,0.011734
4,73936559,G,A,rs748382534,HNRNPA1P55,0.360754,0.442789,-0.0526996,0.0576626,0.00537968,0.00501936,0.005409
4,73946591,T,TAC,"rs1239840040,rs757812709",CXCL1P1,0.361392,0.442022,0.0876981,0.0960846,0.00181517,0.00193449,0.00180546
4,73931227,T,C,rs144004720,HNRNPA1P55,0.368016,0.434133,-0.0595417,0.0661431,0.00394923,0.00370858,0.00396882
4,74013665,GT,G,rs1163511744,RN7SL218P,0.368062,0.434079,-0.119808,0.133104,0.00100091,0.000932301,0.00100649
4,74018213,A,G,rs774323615,RN7SL218P,0.368943,0.433041,0.299944,0.333843,0.000155096,0.000191688,0.000152118
4,74008485,T,C,rs2115693,RP11-19B4.2,0.37189,0.429585,-0.00994961,0.0111425,0.83962,0.838502,0.839711
4,73968694,T,C,rs56174106,PF4,0.373545,0.427657,-0.0491187,0.0551988,0.00553537,0.00538936,0.00554726
4,74011236,C,A,rs892355734,RN7SL218P,0.377777,0.422765,-0.304182,0.344877,0.000520265,0.000483465,0.00052326
4,74027108,G,A,rs549652898,CXCL3,0.379912,0.420317,-0.287573,0.32751,0.00020809,0.000190907,0.000209489
4,73995456,T,C,rs565374154,CXCL5,0.38016,0.420034,0.192405,0.21924,0.000439835,0.00038244,0.000444506
4,73980944,C,A,rs11574452,PF4,0.38197,0.417971,-0.0193488,0.0221313,0.0352793,0.0345529,0.0353385
4,73938831,C,G,rs1317821936,HNRNPA1P55,0.382659,0.417188,-0.0957097,0.109632,0.00146611,0.00142748,0.00146925
4,73938018,C,T,rs76991297,HNRNPA1P55,0.387156,0.412114,-0.0221158,0.0255736,0.0269539,0.0258636,0.0270426
4,73952668,A,C,rs1401930182,CXCL1P1,0.388785,0.410291,-0.13896,0.16124,0.00067078,0.000699108,0.000668475
4,73975638,G,A,rs72855283,PF4,0.391549,0.407214,-0.0473272,0.0552364,0.00554836,0.00540883,0.00555972
4,73972161,C,T,rs61300937,PF4,0.391873,0.406855,-0.0472584,0.0551939,0.00555103,0.00541326,0.00556224
4,74011365,A,C,rs181597974,RN7SL218P,0.392039,0.406671,0.251931,0.294337,0.000284912,0.000289486,0.000284539
4,73981394,A,C,rs11574450,PF4,0.392408,0.406262,-0.0189307,0.0221345,0.0352777,0.0345546,0.0353366
4,73991325,TG,T,rs151087154,PPBP,0.393875,0.404642,0.0349283,0.0409662,0.0102331,0.0106498,0.0101992
4,74024193,A,G,rs185498780,RN7SL218P,0.395216,0.403166,0.11707,0.137698,0.00098183,0.00111404,0.000971071
4,73981981,C,G,rs553937127,PF4,0.397917,0.400207,0.200361,0.237017,0.000445408,0.000466333,0.000443705
4,74021403,C,T,rs72652915,RN7SL218P,0.398623,0.399438,-0.0964662,0.114285,0.00132172,0.00127272,0.00132571
4,74015846,G,A,rs1289418956,RN7SL218P,0.399625,0.398347,0.271809,0.322702,0.00020764,0.000226631,0.000206094
4,74009996,T,C,rs13118512,RN7SL218P,0.403855,0.393775,-0.00937167,0.0112268,0.842538,0.84144,0.842627
4,73946214,A,C,rs1030251643,CXCL1P1,0.407493,0.38988,0.0857705,0.103548,0.0016718,0.00170468,0.00166912
4,74008770,A,C,rs1250990912,RP11-19B4.2,0.409746,0.387485,-0.212615,0.257921,0.00036031,0.000339478,0.000362005
4,74030147,T,C,,CXCL3,0.411821,0.385291,0.213708,0.2604,0.000283869,0.000304587,0.000282183
4,73938413,C,T,rs1272334941,HNRNPA1P55,0.412273,0.384815,-0.143137,0.174578,0.000580909,0.000497526,0.000587695
4,73988769,C,T,rs568035398,PPBP,0.419837,0.376919,0.286541,0.3552,0.0001526,0.000180961,0.000150292
4,73998971,G,A,rs77556476,RP11-19B4.2,0.422768,0.373898,-0.111303,0.138846,0.00085506,0.000882205,0.000852851
4,73958072,C,A,rs192963192,CXCL1P1,0.42349,0.373157,0.028084,0.0350882,0.0144402,0.0142889,0.0144525
4,74014468,C,T,rs532346672,RN7SL218P,0.424084,0.372548,0.160864,0.201242,0.000529271,0.00050742,0.000531049
4,73962698,G,A,,PF4,0.433963,0.362547,-0.214447,0.27408,0.000316149,0.000253762,0.000321225
4,73935567,G,A,rs1232338888,HNRNPA1P55,0.434108,0.362402,0.203448,0.260104,0.000372623,0.00039926,0.000370455
4,74018098,G,T,rs572071176,RN7SL218P,0.435278,0.361233,0.0460058,0.0589674,0.00493854,0.00514502,0.00492174
4,73940267,CCATGATTGTAAGCTTCCTGAGGCT,C,rs755876174,HNRNPA1P55,0.437076,0.359443,0.112038,0.144167,0.000975086,0.000886266,0.000982314
4,73982527,T,C,rs73824587,PF4,0.43758,0.358943,-0.0609512,0.0785163,0.00285798,0.00264797,0.00287507
4,73982484,T,C,rs73824586,PF4,0.43758,0.358943,-0.0609512,0.0785163,0.00285798,0.00264797,0.00287507
4,73986864,A,G,rs73824590,PPBP,0.437722,0.358802,-0.0609328,0.078517,0.00285795,0.00264797,0.00287504
4,74012251,G,C,rs28574621,RN7SL218P,0.438703,0.357829,0.0214737,0.02773,0.0226305,0.0231292,0.0225899
4,73939315,T,TAACCAA,,HNRNPA1P55,0.442079,0.3545,0.1593,0.207237,0.000339403,0.000454928,0.000330002
4,73939301,T,C,,HNRNPA1P55,0.442079,0.3545,0.1593,0.207237,0.000339403,0.000454928,0.000330002
4,73959316,G,A,rs569108954,CXCL1P1,0.442763,0.353829,0.110705,0.144234,0.000974432,0.00088486,0.000981721
4,73948961,C,T,rs552144215,CXCL1P1,0.444101,0.352518,0.125493,0.163982,0.000780935,0.000850439,0.000775279
4,74015645,T,TA,rs138786724,RN7SL218P,0.44515,0.351494,0.021189,0.0277515,0.0226044,0.0230969,0.0225643
4,74013903,A,G,rs184586203,RN7SL218P,0.447,0.349692,-0.0496593,0.0653047,0.00414845,0.00395089,0.00416453
4,74004623,A,G,rs764361090,RP11-19B4.2,0.449849,0.346933,-0.144464,0.191174,0.000621324,0.000544133,0.000627606
4,74007918,T,C,rs11729931,RP11-19B4.2,0.450901,0.345919,-0.00841784,0.0111655,0.840651,0.839767,0.840723
4,73988945,AAC,A,rs570466369,PPBP,0.451935,0.344924,0.0725992,0.0965166,0.00180517,0.00189783,0.00179763
4,74026871,A,G,rs528249645,CXCL3,0.45196,0.3449,-0.0491262,0.0653142,0.00406928,0.00388204,0.00408451
4,73938435,T,C,rs764943037,HNRNPA1P55,0.452535,0.344348,-0.212123,0.282381,0.000315283,0.00021382,0.000323539
4,74017890,AAGAG,A,rs148762732,RN7SL218P,0.452833,0.344062,0.0208406,0.0277615,0.0225773,0.0230589,0.0225381
4,73941093,A,T,rs913624598,HNRNPA1P55,0.453108,0.343798,-0.137803,0.183678,0.000505241,0.000454512,0.000509369
4,74030190,T,C,rs1225348938,CXCL3,0.453583,0.343343,-0.907078,1.21032,2.32426e-05,1.97365e-05,2.3528e-05
4,74020488,A,G,rs1281507227,RN7SL218P,0.454539,0.342429,0.267324,0.357447,0.000281283,0.000331562,0.000277191
4,73944593,C,T,rs535279371,CXCL1P1,0.455702,0.341319,0.0329356,0.044153,0.0087768,0.00902904,0.00875627
4,73944648,A,C,rs534265221,CXCL1P1,0.455795,0.34123,0.0329286,0.0441529,0.00877683,0.00902904,0.00875631
4,74017344,T,A,rs12511021,RN7SL218P,0.457762,0.33936,0.00964265,0.0129861,0.114419,0.114461,0.114416
4,73988431,C,T,rs116220395,PPBP,0.464333,0.33317,0.0319072,0.0436052,0.00885482,0.00931275,0.00881755
4,74015135,G,T,rs79649467,RN7SL218P,0.464939,0.332604,-0.0103972,0.0142283,0.0918189,0.0920736,0.0917982
4,73959897,A,T,rs180906525,CXCL1P1,0.466236,0.331394,0.200926,0.275763,0.000221034,0.000250794,0.000218613
4,73983385,AACACAC,A,"rs762442823,rs57235207",PF4,0.469388,0.328468,-0.0567924,0.0784995,0.00293032,0.0027316,0.00294649
4,73939104,G,A,rs192616445,HNRNPA1P55,0.472487,0.32561,0.0306081,0.0426037,0.00925581,0.00974627,0.0092159
4,73997313,T,C,rs978786473,CXCL5,0.473386,0.324785,0.139771,0.194944,0.000403068,0.000501483,0.00039506
4,73937668,C,CA,"rs548376636,rs532261473,rs371304000",HNRNPA1P55,0.474819,0.323472,-0.162205,0.226968,0.000579867,0.000525438,0.000584296
4,73969568,G,A,rs112105236,PF4,0.476621,0.321827,-0.134062,0.188356,0.000647992,0.000489402,0.000660898
4,73945058,G,A,rs1233697839,CXCL1P1,0.476766,0.321695,0.138706,0.194944,0.000402524,0.000501119,0.0003945
4,73983200,A,T,rs1352381589,PF4,0.477068,0.32142,0.196126,0.275835,0.000220705,0.0002497,0.000218346
4,73956785,T,G,rs1026679210,CXCL1P1,0.47956,0.319157,0.0921952,0.130401,0.00119014,0.00111748,0.00119605
4,74001657,A,G,rs146260501,RP11-19B4.2,0.480153,0.31862,0.194818,0.275924,0.000220823,0.000249336,0.000218502
4,73981624,C,A,rs1358465190,PF4,0.482439,0.316558,0.101027,0.143834,0.000918682,0.000941049,0.000916862
4,73979267,A,C,,PF4,0.483984,0.315169,0.205062,0.292984,0.000190021,0.000241368,0.000185842
4,73994876,C,CA,"rs34386106,rs57189497",CXCL5,0.485864,0.313485,-0.0151964,0.0218056,0.0365371,0.0359798,0.0365825
4,74026153,G,C,rs79751923,CXCL3,0.486787,0.312661,0.0118048,0.0169748,0.0623564,0.0629543,0.0623078
4,73996820,G,T,rs200719338,CXCL5,0.487178,0.312312,-0.0704132,0.101342,0.00183671,0.00164974,0.00185192
4,73970263,T,G,,PF4,0.489234,0.310483,-0.447276,0.646794,0.000263824,0.000256782,0.000264397
4,73950677,C,T,rs72855264,CXCL1P1,0.489558,0.310196,-0.0613709,0.0888131,0.00246135,0.00217372,0.00248475
4,73961587,C,G,rs1043834698,CXCL1P1,0.490755,0.309135,-0.168007,0.243804,0.000360933,0.000327552,0.00036365
4,73939849,A,G,rs548339294,HNRNPA1P55,0.492189,0.307868,0.134327,0.195575,0.000464387,0.00053226,0.000458863
4,74002748,C,G,rs193055909,RP11-19B4.2,0.492843,0.307291,0.0138889,0.0202523,0.0435052,0.0439554,0.0434686
4,73938275,TAAAA,T,rs1489638604,HNRNPA1P55,0.493349,0.306846,0.107005,0.156214,0.000861032,0.000903972,0.000857538
4,73955602,C,T,rs368178425,CXCL1P1,0.496788,0.303829,-0.0462286,0.0680281,0.00348739,0.00354788,0.00348247
4,73960773,G,T,rs562702349,CXCL1P1,0.497004,0.30364,0.100808,0.14842,0.000716588,0.000836118,0.00070686
4,73950927,G,A,rs75867857,CXCL1P1,0.497159,0.303505,-0.046155,0.0679783,0.0034896,0.00355027,0.00348466
4,73952153,A,G,rs116275081,CXCL1P1,0.497656,0.303071,-0.0461118,0.0679932,0.00348881,0.0035497,0.00348386
4,73959378,T,C,rs116381873,CXCL1P1,0.498387,0.302433,-0.0460797,0.0680616,0.00348585,0.00354668,0.0034809
4,73976899,C,T,rs760803808,PF4,0.499057,0.30185,0.154883,0.229125,0.00034969,0.000379784,0.000347241
4,73938744,G,C,rs1454633754,HNRNPA1P55,0.500352,0.300724,-0.0986422,0.146367,0.000731354,0.00073879,0.000730749
4,73955543,A,T,rs1039802308,CXCL1P1,0.502619,0.298761,-0.0865354,0.129085,0.00200337,0.00195214,0.00200754
4,73975526,C,T,rs536317521,PF4,0.505687,0.296118,-0.0270732,0.0406768,0.0103607,0.0101511,0.0103777
4,73969414,C,A,rs72855280,PF4,0.509635,0.292741,-0.0152169,0.0230766,0.0326073,0.0319551,0.0326603
4,73984932,C,T,rs184650103,PPBP,0.510114,0.292333,0.101142,0.153557,0.000718966,0.000816642,0.000711018
4,74021183,T,TA,"rs199546909,rs758453139",RN7SL218P,0.510438,0.292057,-0.471374,0.716204,0.00018484,0.000179763,0.000185253
4,73940606,T,C,rs1281242627,HNRNPA1P55,0.51145,0.291197,-0.082173,0.125153,0.00114183,0.00110045,0.0011452
4,73955242,C,T,rs560880550,CXCL1P1,0.516129,0.287242,0.041614,0.064088,0.00415807,0.0043152,0.00414529
4,73991965,A,G,rs416046,CXCL5,0.516171,0.287206,-0.00950761,0.0146438,0.915718,0.9146,0.915809
4,73968462,C,T,rs140407406,PF4,0.516468,0.286957,-0.0442821,0.0682523,0.0034772,0.00353902,0.00347217
4,73952408,G,A,rs192023538,CXCL1P1,0.516701,0.286761,-0.121665,0.187627,0.000507278,0.000490496,0.000508644
4,74001799,T,C,rs560639087,RP11-19B4.2,0.526283,0.278781,-0.0889794,0.140414,0.000914544,0.000837837,0.000920786
4,73977710,A,G,rs115869035,PF4,0.527402,0.277858,0.0207723,0.0328687,0.0160602,0.0163644,0.0160354
4,74003868,A,AT,"rs577290875,rs199612855",RP11-19B4.2,0.52768,0.277629,-0.0124476,0.0197095,0.045212,0.0447653,0.0452484
4,73999357,A,T,rs16850352,RP11-19B4.2,0.528393,0.277043,-0.0536476,0.0850927,0.00253384,0.00222173,0.00255923
4,73963529,G,A,rs531649638,PF4,0.529317,0.276284,-0.0587224,0.093351,0.00195616,0.00185867,0.00196409
4,73964293,G,A,rs1594231,PF4,0.531461,0.274529,-0.0585232,0.0935206,0.00205897,0.00185033,0.00207595
4,73931575,GT,G,rs568335761,HNRNPA1P55,0.532129,0.273983,0.0459432,0.0735374,0.00318317,0.0032661,0.00317642
4,73938836,T,C,rs113912954,HNRNPA1P55,0.534376,0.272153,-0.16789,0.270207,0.000385434,0.000336926,0.000389381
4,73951074,A,G,rs571930403,CXCL1P1,0.535127,0.271543,-0.0578954,0.0933497,0.00195694,0.00186012,0.00196482
4,73966567,T,C,rs6446972,PF4,0.536143,0.270719,-0.057858,0.0935223,0.00205859,0.00185091,0.00207549
4,73997644,T,C,rs199779476,CXCL5,0.537366,0.26973,0.11287,0.182992,0.000510543,0.00058621,0.000504385
4,73984290,C,A,rs115769559,PPBP,0.537803,0.269377,0.15465,0.250999,0.000248184,0.000314013,0.000242827
4,73934917,G,A,rs352022,HNRNPA1P55,0.539846,0.26773,-0.166363,0.271372,0.00038503,0.000336145,0.000389008
4,73997138,T,G,rs202032802,CXCL5,0.541582,0.266336,0.111681,0.182957,0.000513,0.000587876,0.000506907
4,73933822,A,G,rs28547222,HNRNPA1P55,0.54381,0.264553,-0.165168,0.272077,0.00038485,0.000335728,0.000388847
4,73935450,G,A,rs577176744,HNRNPA1P55,0.545621,0.263109,-0.0566993,0.093821,0.00205139,0.00184487,0.0020682
4,73974264,A,G,rs181427801,PF4,0.545783,0.26298,0.068177,0.112859,0.00137065,0.00146727,0.00136278
4,73935318,T,C,rs373488682,HNRNPA1P55,0.545982,0.262822,-0.0566498,0.0938234,0.00205132,0.00184487,0.00206812
4,73970367,G,C,rs1396954419,PF4,0.548211,0.261052,-0.086712,0.144413,0.000810283,0.000809768,0.000810325
4,73933071,T,A,rs1420679608,HNRNPA1P55,0.550716,0.259072,-0.138065,0.231387,0.000311955,0.000320835,0.000311233
4,73995464,G,A,rs748595236,CXCL5,0.55076,0.259038,-0.173878,0.291437,0.000218859,0.000212519,0.000219375
4,74011427,A,G,rs2668076,RN7SL218P,0.551903,0.258137,-0.00522116,0.00877638,0.67481,0.675872,0.674723
4,74015924,A,C,rs180929418,RN7SL218P,0.552953,0.257312,0.0250106,0.0421521,0.00990913,0.00965603,0.00992972
4,73997158,A,G,rs116814602,CXCL5,0.558484,0.252989,-0.0510327,0.0872214,0.00236562,0.00225162,0.00237489
4,73951891,C,T,rs111643405,CXCL1P1,0.558846,0.252708,-0.00946674,0.0161947,0.0694201,0.0693346,0.0694271
4,73955575,A,AT,"rs574000909,rs557519330",CXCL1P1,0.560739,0.251239,-0.0132034,0.0226963,0.033924,0.0332039,0.0339826
4,73980330,G,A,rs147843417,PF4,0.560999,0.251038,-0.0836507,0.143888,0.000808884,0.000795239,0.000809994
4,73982432,C,T,rs76333778,PF4,0.562779,0.249662,-0.0833555,0.144034,0.000806725,0.000792948,0.000807846
4,74021316,C,T,rs6840660,RN7SL218P,0.56315,0.249376,-0.00476833,0.00824729,0.44434,0.44414,0.444357
4,73943674,T,C,rs145455552,CXCL1P1,0.563899,0.248799,0.0439016,0.076078,0.00306089,0.00310446,0.00305734
4,74012911,C,G,rs1054599496,RN7SL218P,0.564522,0.248319,-0.161238,0.27986,0.000231651,0.00022887,0.000231877
4,74020473,T,C,rs1300502126,RN7SL218P,0.566752,0.246607,0.105056,0.183395,0.000521276,0.000564442,0.000517764
4,73939388,G,A,rs115183538,HNRNPA1P55,0.571465,0.24301,0.0110739,0.0195688,0.0457837,0.0460708,0.0457603
4,73954928,G,A,rs1440333386,CXCL1P1,0.575288,0.240115,0.104994,0.187396,0.000514806,0.000545018,0.000512348
4,74012178,A,G,rs6446974,RN7SL218P,0.579594,0.236876,-0.00466177,0.0084151,0.393592,0.392631,0.39367
4,74003466,A,G,rs1282694139,RP11-19B4.2,0.581053,0.235784,-0.111691,0.202394,0.000862713,0.000824089,0.000865856
4,73960506,C,T,rs1448569501,CXCL1P1,0.586127,0.232008,0.105639,0.194027,0.000469857,0.000553923,0.000463016
4,73949209,CA,C,rs557597750,CXCL1P1,0.586249,0.231918,0.032754,0.0601786,0.004942,0.00517522,0.00492302
4,74012933,T,C,rs1121107,RN7SL218P,0.588977,0.229902,-0.00446881,0.00827068,0.444834,0.444531,0.444859
4,73995933,T,C,rs183358609,CXCL5,0.594591,0.225782,-0.0173407,0.0325833,0.0165264,0.0160907,0.0165618
4,74020531,G,C,rs991439,RN7SL218P,0.596722,0.224228,-0.00436122,0.00824239,0.444612,0.444453,0.444625
4,73985991,G,A,rs970331512,PPBP,0.597782,0.223457,0.125164,0.237236,0.000296292,0.00034406,0.000292405
4,73961640,C,A,rs180754015,CXCL1P1,0.600306,0.221627,-0.073634,0.140534,0.000866573,0.000810133,0.000871166
4,73938861,C,T,rs188837682,HNRNPA1P55,0.601305,0.220905,0.0235461,0.0450622,0.00880998,0.00848866,0.00883613
4,73995653,A,G,,CXCL5,0.603689,0.219187,0.649076,1.25038,9.46204e-05,9.68597e-05,9.44382e-05
4,74006728,A,G,rs16850360,RP11-19B4.2,0.605588,0.217823,-0.0113772,0.0220325,0.0357923,0.035261,0.0358355
4,73945835,A,G,rs115770184,CXCL1P1,0.605722,0.217727,0.00906772,0.0175667,0.0586664,0.0596617,0.0585854
4,74001393,A,G,,RP11-19B4.2,0.607847,0.216206,-0.133692,0.260531,0.000645233,0.000578971,0.000650626
4,73952973,A,G,rs72650886,CXCL1P1,0.608162,0.215981,-0.0282512,0.055103,0.00564645,0.00565343,0.00564589
4,74008464,G,A,rs751758401,RP11-19B4.2,0.609232,0.215217,-0.064907,0.126977,0.00116419,0.0011731,0.00116346
4,73992223,T,C,rs73824601,CXCL5,0.613317,0.212315,-0.047258,0.0935164,0.0020475,0.00185877,0.00206285
4,73992085,T,G,rs73824600,CXCL5,0.613341,0.212298,-0.0472547,0.0935162,0.00204748,0.00185877,0.00206283
4,73995789,G,C,,CXCL5,0.614468,0.211501,-0.108237,0.214881,0.000357093,0.000347029,0.000357912
4,74013485,G,C,rs72652911,RN7SL218P,0.614904,0.211193,-0.00416068,0.00827032,0.444789,0.444562,0.444807
4,74012541,G,A,,RN7SL218P,0.614915,0.211185,-0.165298,0.328578,0.000200825,0.000184658,0.000202141
4,73995349,G,C,rs73824602,CXCL5,0.617765,0.209177,-0.0466603,0.0935035,0.00204722,0.00185939,0.00206251
4,74006875,A,G,rs147295447,RP11-19B4.2,0.618466,0.208684,-0.0465914,0.0935525,0.00204612,0.00185731,0.00206149
4,73996621,T,C,rs191166277,CXCL5,0.619461,0.207986,-0.0464339,0.0935008,0.00204715,0.0018596,0.00206241
4,74003633,C,A,rs183768445,RP11-19B4.2,0.619646,0.207856,-0.0464245,0.0935317,0.00204634,0.00185825,0.00206165
4,74003278,C,G,rs6838264,RP11-19B4.2,0.62021,0.207461,-0.0463469,0.0935258,0.0020464,0.00185856,0.00206169
4,74011718,C,G,rs1294753553,RN7SL218P,0.620649,0.207154,-0.144542,0.292045,0.000252366,0.00017492,0.000258668
4,74002549,A,G,rs75720943,RP11-19B4.2,0.620953,0.206941,-0.0462465,0.0935219,0.0020464,0.00185882,0.00206167
4,73966902,T,A,rs748828621,PF4,0.621391,0.206635,-0.0463795,0.0939083,0.00192856,0.00192652,0.00192872
4,74001550,A,G,rs562815388,RP11-19B4.2,0.621443,0.206599,-0.0461792,0.0935166,0.00204646,0.00185908,0.00206171
4,73999850,T,C,rs180788539,RP11-19B4.2,0.621941,0.206251,-0.0461064,0.0935028,0.00204663,0.0018596,0.00206185
4,73999008,C,G,rs372339408,RP11-19B4.2,0.622464,0.205886,-0.0460305,0.0934892,0.00204681,0.00186002,0.00206201
4,73999431,A,G,rs147112628,RP11-19B4.2,0.622534,0.205837,-0.0460242,0.0934953,0.00204667,0.00185986,0.00206188
4,74009131,A,G,rs192605314,RP11-19B4.2,0.623109,0.205436,-0.0461038,0.093812,0.00204042,0.00185163,0.00205578
4,74013831,C,T,rs148264609,RN7SL218P,0.624032,0.204793,0.108857,0.222091,0.000365491,0.000405717,0.000362217
4,73971329,G,A,rs12647282,PF4,0.625104,0.204048,-0.0207665,0.0424995,0.00939753,0.00940253,0.00939712
4,74014100,G,C,rs75255850,RN7SL218P,0.626988,0.202741,-0.0128712,0.0264856,0.0250414,0.0244505,0.0250895
4,73979700,A,C,rs1435520,PF4,0.627974,0.202058,-0.0117291,0.0242047,0.0298125,0.029205,0.029862
4,74004219,TTA,T,rs529981764,RP11-19B4.2,0.628806,0.201483,-0.107169,0.221696,0.000352692,0.000315888,0.000355687
4,73932102,T,C,rs185826822,HNRNPA1P55,0.629892,0.200734,-0.0639363,0.132681,0.00108027,0.000960526,0.00109001
4,74009950,T,A,rs77147342,RN7SL218P,0.630407,0.200379,-0.0451955,0.0939315,0.00203687,0.00184997,0.00205208
4,74010601,G,A,rs1421582941,RN7SL218P,0.632638,0.198845,0.0691911,0.144746,0.00100412,0.00103869,0.00100131
4,73956275,T,C,rs75313768,CXCL1P1,0.633116,0.198517,-0.0162338,0.0340084,0.0143876,0.0145674,0.014373
4,73986294,A,T,rs527255099,PPBP,0.633363,0.198347,-0.0373588,0.0783204,0.00289663,0.00275082,0.0029085
4,74005642,T,G,rs1227996589,RP11-19B4.2,0.640877,0.193225,-0.0720982,0.154561,0.000674672,0.000680413,0.000674204
4,74023265,TA,T,rs577833291,RN7SL218P,0.642117,0.192386,0.113021,0.24319,0.000343706,0.000316617,0.00034591
4,73977520,C,T,rs112752351,PF4,0.643117,0.19171,-0.0950177,0.205069,0.000486019,0.000359579,0.000496308
4,73989505,G,A,rs115994466,PPBP,0.645541,0.190076,-0.094286,0.204985,0.000486634,0.00036036,0.00049691
4,73983385,A,AAC,rs1291755715,PF4,0.645674,0.189987,-0.0942479,0.204985,0.000486634,0.00036036,0.00049691
4,74004289,T,C,rs766583561,RP11-19B4.2,0.648354,0.188188,0.0709554,0.155587,0.000665274,0.000763838,0.000657253
4,73938811,G,A,rs192615986,HNRNPA1P55,0.649368,0.187509,0.0283464,0.062349,0.0043509,0.00449632,0.00433906
4,73957845,G,GATGA,,CXCL1P1,0.653049,0.185054,0.0647906,0.144129,0.000823682,0.000865853,0.00082025
4,73938209,T,C,rs761525925,HNRNPA1P55,0.655466,0.18345,0.0873226,0.195711,0.000482786,0.00053403,0.000478615
4,73989374,G,A,rs556016697,PPBP,0.655632,0.18334,0.0448994,0.100682,0.00174634,0.00177514,0.00174399
4,73992745,G,A,rs114147215,CXCL5,0.656609,0.182693,-0.0911447,0.205004,0.00048739,0.000361922,0.0004976
4,73987829,T,C,rs149698073,PPBP,0.657777,0.181921,-0.0220388,0.0497508,0.00687993,0.0067168,0.0068932
4,73999412,C,T,rs78294866,RP11-19B4.2,0.660923,0.179849,-0.0899249,0.205009,0.00048739,0.000362235,0.000497575
4,73939683,T,C,rs535524592,HNRNPA1P55,0.661348,0.17957,0.0245747,0.0560998,0.00561887,0.00539248,0.0056373
4,74023525,A,G,rs1448208211,RN7SL218P,0.665233,0.177026,0.116477,0.269186,0.000227187,0.000244805,0.000225753
4,73946607,C,G,rs1446811085,CXCL1P1,0.667052,0.17584,-0.489292,1.13737,0.000183696,0.000166484,0.000185096
4,73975340,C,T,rs532407506,PF4,0.669528,0.174231,0.161617,0.378677,0.000225909,0.000226631,0.000225851
4,73989250,C,T,rs770034130,PPBP,0.669582,0.174196,-0.150378,0.352402,0.00019584,0.000182419,0.000196932
4,73980141,T,C,rs546799117,PF4,0.670361,0.173691,0.0298825,0.0702041,0.00326252,0.00367708,0.00322879
4,73976614,T,C,rs561527446,PF4,0.670469,0.173621,-0.0970824,0.228159,0.000340426,0.000305681,0.000343253
4,73971539,C,T,rs531091176,PF4,0.671635,0.172867,-0.0968516,0.228475,0.000359918,0.00034656,0.000361005
4,73936307,A,G,,HNRNPA1P55,0.671958,0.172658,-0.0760371,0.179561,0.00101587,0.000912252,0.0010243
4,74003779,G,A,rs111720070,RP11-19B4.2,0.672664,0.172202,-0.0089471,0.0211768,0.0393692,0.0394496,0.0393626
4,74028656,C,T,rs2115694,CXCL3,0.676842,0.169513,0.00365734,0.00877528,0.683347,0.681746,0.683478
4,73961368,G,A,rs1053339116,CXCL1P1,0.680528,0.167154,0.372967,0.905826,0.000141603,0.000152059,0.000140753
4,74029593,A,C,,CXCL3,0.685302,0.164118,0.424636,1.04787,9.28452e-05,0.000103317,9.1993e-05
4,73957117,G,A,rs182192448,CXCL1P1,0.691805,0.160016,-0.0242919,0.0612803,0.00435787,0.00453517,0.00434344
4,73947402,G,A,rs537534305,CXCL1P1,0.692052,0.159861,0.044861,0.113265,0.00155022,0.00146315,0.00155731
4,73955969,C,T,rs1004945369,CXCL1P1,0.694989,0.158022,0.0524401,0.133744,0.000911377,0.000975419,0.000906166
4,73979418,T,C,rs929907879,PF4,0.695101,0.157952,0.0367563,0.0937802,0.00222803,0.00215404,0.00223405
4,73940070,G,T,rs559185645,HNRNPA1P55,0.696659,0.15698,-0.08951,0.229611,0.000336037,0.000302713,0.000338749
4,73978705,C,CT,rs1467333739,PF4,0.698945,0.155557,-0.0599552,0.155025,0.000795901,0.000831692,0.000792988
4,73931584,C,T,rs539772271,HNRNPA1P55,0.701023,0.154268,-0.0882287,0.229797,0.000335488,0.000302452,0.000338176
4,73994876,C,CAA,rs34386106,CXCL5,0.703012,0.153037,-0.0159083,0.0417258,0.00968648,0.00979955,0.00967728
4,73998785,T,A,rs530161962,RP11-19B4.2,0.703022,0.153031,-0.0492247,0.129116,0.00111986,0.000980939,0.00113116
4,74031388,G,C,rs6837786,CXCL3,0.704859,0.151898,0.00332225,0.00877115,0.683457,0.681814,0.683591
4,73939745,A,T,rs352017,HNRNPA1P55,0.705677,0.151394,-0.124911,0.330744,0.000262037,0.000258084,0.000262359
4,73931860,C,G,,HNRNPA1P55,0.708034,0.149946,0.155201,0.414424,0.000151977,0.000155809,0.000151665
4,73982616,AG,A,rs541678850,PF4,0.723411,0.140615,0.0173164,0.0489297,0.00692832,0.00720162,0.00690607
4,73993087,G,A,rs899503085,CXCL5,0.723469,0.14058,0.118423,0.334695,0.000161123,0.000186898,0.000159026
4,73977052,G,T,rs147780934,PF4,0.728699,0.137452,-0.081852,0.235982,0.00028332,0.000290006,0.000282776
4,74020799,T,G,rs1254626908,RN7SL218P,0.729093,0.137217,0.0484667,0.139943,0.00105985,0.00108926,0.00105745
4,73965637,TCTC,T,rs576094739,PF4,0.729641,0.136891,0.0248491,0.0719008,0.0031121,0.00342659,0.00308651
4,74024723,G,A,rs145172211,CXCL3,0.729718,0.136845,-0.0174667,0.0505549,0.00661035,0.00651246,0.00661831
4,73987888,A,G,rs16850295,PPBP,0.732423,0.135238,-0.0185201,0.0541676,0.00584401,0.00593198,0.00583685
4,74023400,T,C,rs114184225,RN7SL218P,0.737315,0.132347,-0.0168504,0.0502378,0.0066672,0.00657641,0.00667459
4,73989516,G,C,rs1424814545,PPBP,0.73958,0.131015,0.104675,0.314896,0.00023448,0.000246732,0.000233483
4,73988590,A,G,rs1322590032,PPBP,0.740018,0.130758,0.242941,0.732122,0.000245692,0.000236056,0.000246476
4,73962992,G,A,rs564465574,PF4,0.742713,0.129179,-0.0301063,0.0917141,0.00212957,0.00198182,0.0021416
4,73947256,G,C,rs139685936,CXCL1P1,0.74875,0.125663,0.0101781,0.0317778,0.0170094,0.0171971,0.0169941
4,73971512,A,C,rs80127839,PF4,0.750043,0.124914,-0.00805349,0.0252791,0.0270512,0.026542,0.0270926
4,73972215,G,A,rs79472060,PF4,0.751104,0.1243,-0.00801885,0.0252814,0.0270505,0.0265422,0.0270918
4,73971793,A,G,rs11508014,PF4,0.751152,0.124272,-0.00801672,0.0252797,0.0270508,0.0265426,0.0270922
4,74016562,A,G,rs1199032620,RN7SL218P,0.752085,0.123733,0.0815738,0.258234,0.000446634,0.00042712,0.000448222
4,73982651,C,T,rs112860339,PF4,0.753206,0.123086,-0.0212784,0.0676764,0.00396451,0.003817,0.00397651
4,74001546,C,T,rs987673304,RP11-19B4.2,0.761181,0.118512,0.0171169,0.0563184,0.00566357,0.00561745,0.00566733
4,73977047,G,A,rs74499711,PF4,0.763373,0.117263,-0.00761573,0.0252969,0.0270473,0.0265483,0.0270879
4,73978378,G,GCAT,rs113889075,PF4,0.765681,0.115952,-0.00754077,0.0253022,0.0270449,0.0265492,0.0270852
4,73978715,A,C,rs6813952,PF4,0.769563,0.113756,-0.00741724,0.0253194,0.027012,0.0265159,0.0270523
4,73978839,TA,T,rs11333872,PF4,0.770985,0.112954,-0.00737095,0.0253221,0.0270112,0.0265166,0.0270515
4,73955575,A,ATT,rs574000909,CXCL1P1,0.772371,0.112174,-0.0819477,0.283287,0.000402371,0.000324116,0.000408739
4,74024071,T,C,rs746036940,RN7SL218P,0.773136,0.111744,-0.0553593,0.192037,0.000604176,0.000501848,0.000612503
4,74016237,A,T,rs1334780618,RN7SL218P,0.774745,0.110841,-0.132142,0.461755,0.000151428,0.000100036,0.00015561
4,73997524,TAAAC,T,rs975998986,CXCL5,0.776594,0.109806,-0.0209544,0.0738455,0.00330419,0.00313825,0.00331769
4,74022013,G,T,rs551298045,RN7SL218P,0.777216,0.109458,-0.039151,0.138368,0.000920646,0.000860645,0.000925528
4,74029560,C,T,rs17814280,CXCL3,0.781043,0.107325,-0.0229469,0.0825545,0.00251898,0.00254481,0.00251688
4,74027665,A,C,rs74629467,CXCL3,0.781549,0.107044,-0.0115901,0.0417961,0.00955415,0.00966952,0.00954476
4,73997135,T,C,rs3775488,CXCL5,0.78284,0.106327,0.00245691,0.00891412,0.30944,0.310436,0.309359
4,73990162,T,C,rs541598508,PPBP,0.78527,0.104981,-0.11631,0.426892,0.000107227,0.000104306,0.000107465
4,73955575,AT,A,rs1318006425,CXCL1P1,0.786283,0.104421,-0.00700395,0.0258316,0.0257425,0.0258427,0.0257344
4,73994423,G,A,rs17813879,CXCL5,0.787232,0.103897,-0.0254523,0.0943005,0.00194621,0.00200802,0.00194118
4,73976429,G,A,rs748945824,PF4,0.790329,0.102192,-0.062572,0.235337,0.000305779,0.000327969,0.000303974
4,73940653,A,G,rs149343071,HNRNPA1P55,0.79122,0.101703,-0.00683673,0.0258255,0.0257412,0.0258299,0.025734
4,74009273,G,A,rs560334962,RP11-19B4.2,0.794279,0.100027,-0.0157484,0.0603942,0.00480795,0.0048547,0.00480414
4,74031029,T,C,,CXCL3,0.796829,0.0986347,-0.141121,0.548144,0.000212566,0.000197521,0.00021379
4,74016287,C,T,rs191135244,RN7SL218P,0.797495,0.098272,-0.00673751,0.0262578,0.0251097,0.0252565,0.0250977
4,73987174,A,G,rs116538408,PPBP,0.797988,0.0980039,-0.0186749,0.0729624,0.0035145,0.00321944,0.00353851
4,73945018,A,G,rs138441576,CXCL1P1,0.803069,0.0952473,-0.0391153,0.156852,0.000784109,0.000782064,0.000784276
4,74014517,C,T,rs2195545,RN7SL218P,0.811569,0.0906744,-0.00196036,0.00822293,0.49982,0.499155,0.499874
4,73994829,G,C,rs148035556,CXCL5,0.81273,0.0900536,-0.0107169,0.0452368,0.00855336,0.00833551,0.00857109
4,73945458,T,C,rs563965790,CXCL1P1,0.813748,0.08951,0.0521445,0.221332,0.000352429,0.000369733,0.000351021
4,73934457,A,G,rs999066334,HNRNPA1P55,0.816439,0.0880764,0.0139328,0.0600221,0.00466339,0.00471134,0.00465949
4,73964280,C,T,rs768555691,PF4,0.820067,0.0861509,-0.0832455,0.36598,0.00015811,0.00014956,0.000158805
4,73972130,G,GT,rs960275601,PF4,0.820338,0.0860074,0.0272178,0.119844,0.00146217,0.00143628,0.00146427
4,73951126,G,A,rs2367442,CXCL1P1,0.820589,0.0858741,-0.00223473,0.00985385,0.221439,0.221953,0.221397
4,73940651,A,G,rs927704085,HNRNPA1P55,0.820782,0.0857724,0.117624,0.519222,8.7253e-05,7.42591e-05,8.83104e-05
4,74026849,G,A,rs115384019,CXCL3,0.821423,0.0854329,0.0241894,0.107168,0.00153412,0.0015346,0.00153408
4,73938655,G,A,,HNRNPA1P55,0.822445,0.0848931,0.11649,0.519113,8.72883e-05,7.42591e-05,8.83485e-05
4,74003314,A,G,rs116275494,RP11-19B4.2,0.823822,0.0841668,0.00666101,0.0299193,0.0189001,0.0194811,0.0188529
4,74021880,C,T,rs1438629509,RN7SL218P,0.824695,0.0837069,0.0471096,0.212674,0.000681788,0.000606363,0.000687926
4,73948549,C,T,rs75158139,CXCL1P1,0.827954,0.0819938,-0.0053961,0.0248295,0.0280826,0.0274705,0.0281324
4,73988081,G,A,rs748408619,PPBP,0.828876,0.0815105,-0.0411473,0.19037,0.000469038,0.000455709,0.000470123
4,74024831,G,A,rs74905312,CXCL3,0.831161,0.0803151,-0.00699772,0.0328203,0.0158563,0.0155187,0.0158838
4,73991608,T,C,rs547765446,PPBP,0.831556,0.0801085,-0.00870451,0.0409227,0.0103403,0.0103631,0.0103384
4,73931288,C,T,rs148770163,HNRNPA1P55,0.831635,0.0800673,0.0417074,0.196173,0.000501149,0.000476435,0.00050316
4,73967939,A,G,rs1456004011,PF4,0.833604,0.0790401,0.02026,0.096439,0.00192042,0.00195709,0.00191743
4,73951807,T,G,rs115959394,CXCL1P1,0.833623,0.0790302,-0.00522001,0.0248504,0.0280512,0.0274474,0.0281004
4,73954089,C,G,rs151307926,CXCL1P1,0.835408,0.0781015,-0.00516381,0.0248534,0.0280517,0.0274491,0.0281008
4,73954060,CA,C,rs34989669,CXCL1P1,0.835412,0.0780992,-0.00516365,0.0248533,0.0280518,0.0274492,0.0281008
4,73945790,C,A,rs1049879548,CXCL1P1,0.835778,0.0779089,0.0246127,0.118732,0.00135905,0.00126074,0.00136705
4,74001836,G,A,rs574487913,RP11-19B4.2,0.837215,0.077163,-0.0717203,0.349077,0.000265435,0.000266937,0.000265313
4,73983407,CACACAT,C,rs1331298489,PF4,0.838517,0.0764881,0.0600534,0.294682,0.000511405,0.000512523,0.000511314
4,73973751,T,C,rs1326011812,PF4,0.841532,0.0749293,0.0954813,0.477564,0.00034833,0.000292975,0.000352835
4,73983734,TC,T,,PF4,0.841763,0.0748101,0.204298,1.02334,4.81939e-05,4.32744e-05,4.85942e-05
4,73951621,G,A,rs768150885,CXCL1P1,0.84369,0.0738171,0.0480874,0.243881,0.00025996,0.000296672,0.000256973
4,73955298,T,C,rs751250956,CXCL1P1,0.843716,0.0738039,0.0480793,0.24388,0.00025996,0.000296672,0.000256973
4,73963835,G,A,rs2195543,PF4,0.844815,0.0732382,-0.00486767,0.0248683,0.0280481,0.0274514,0.0280967
4,73959170,C,T,rs189661894,CXCL1P1,0.846207,0.0725235,-0.0187102,0.0964642,0.00185312,0.00191808,0.00184784
4,74002241,C,G,rs182179540,RP11-19B4.2,0.849741,0.0707136,-0.0551771,0.29125,0.000165077,0.00021356,0.000161132
4,73965463,G,T,rs4082827,PF4,0.849886,0.0706394,-0.00470786,0.0248746,0.0280466,0.0274529,0.028095
4,73986201,A,T,rs183028,PPBP,0.850434,0.0703592,0.00595699,0.0315913,0.0178239,0.0177874,0.0178269
4,73986200,C,A,rs55765475,PPBP,0.850446,0.0703534,0.00595653,0.0315913,0.0178239,0.0177874,0.0178269
4,73948761,T,C,rs900500514,CXCL1P1,0.853484,0.0688046,0.0420552,0.227726,0.000384144,0.00035234,0.000386733
4,73930915,G,A,rs567926826,HNRNPA1P55,0.854101,0.068491,-0.00749891,0.0407796,0.0103954,0.0104224,0.0103932
4,73967729,C,T,rs1429637,PF4,0.854883,0.0680935,-0.00455052,0.0248809,0.0280456,0.0274546,0.0280937
4,74017288,GA,G,rs964386473,RN7SL218P,0.859566,0.0657206,-0.0702483,0.397049,0.000128315,0.000125709,0.000128527
4,73987472,A,G,rs75893465,PPBP,0.860148,0.0654266,0.0320996,0.182193,0.000491329,0.000545487,0.000486921
4,74019177,T,C,rs533672165,RN7SL218P,0.860265,0.0653678,-0.0083752,0.0475764,0.00756203,0.00750595,0.00756659
4,74023558,CTCT,C,rs146414612,RN7SL218P,0.861671,0.0646585,-0.00583238,0.0334719,0.014976,0.0152941,0.0149501
4,74002153,A,G,rs1480754956,RP11-19B4.2,0.862025,0.0644799,0.0382754,0.220231,0.000529917,0.000463989,0.000535283
4,73961671,T,A,rs568895580,CXCL1P1,0.863226,0.0638754,-0.0423372,0.245762,0.000260478,0.000276258,0.000259193
4,73932810,A,AG,rs920103280,HNRNPA1P55,0.864479,0.0632455,-0.0248375,0.145525,0.000894201,0.000923917,0.000891783
4,73943630,A,G,,CXCL1P1,0.865159,0.062904,0.137312,0.808619,0.000117914,9.93072e-05,0.000119428
4,73994101,C,G,,CXCL5,0.868118,0.0614214,-0.0375355,0.226049,0.000371682,0.00033427,0.000374727
4,74026671,T,C,rs1385683688,CXCL3,0.871087,0.0599384,-0.0214107,0.131938,0.0010167,0.000991354,0.00101876
4,73945905,C,T,rs6853814,CXCL1P1,0.872964,0.0590038,0.0019398,0.0121317,0.129942,0.130621,0.129887
4,73960599,C,T,rs191180456,CXCL1P1,0.879076,0.0559734,-0.00404904,0.0266139,0.0241184,0.0243152,0.0241024
4,73973487,A,G,rs1047027905,PF4,0.884694,0.0532067,-0.0439433,0.303014,0.000203686,0.000185439,0.000205171
4,73985987,T,C,rs531297526,PPBP,0.884844,0.0531331,0.0189117,0.130577,0.000968565,0.00107733,0.000959714
4,73956980,C,T,,CXCL1P1,0.886458,0.0523416,-0.0430973,0.301829,0.000205339,0.000197052,0.000206014
4,73939341,C,T,rs189265726,HNRNPA1P55,0.890565,0.0503344,-0.0132163,0.0960564,0.0017332,0.00183841,0.00172464
4,73986768,T,G,rs139810955,PPBP,0.892567,0.0493592,0.00684309,0.0506682,0.00645419,0.00665707,0.00643768
4,73937410,GC,G,rs137855615,HNRNPA1P55,0.89315,0.0490754,-0.0286376,0.213206,0.000358096,0.000371296,0.000357022
4,74003764,C,T,rs147738569,RP11-19B4.2,0.89377,0.0487742,0.0144736,0.108388,0.00160417,0.001433,0.0016181
4,73984538,A,C,rs187727263,PPBP,0.895328,0.0480177,0.0142631,0.108411,0.00160421,0.00143274,0.00161817
4,73996366,C,G,,CXCL5,0.895777,0.0478002,0.0556641,0.424923,0.000259717,0.000244649,0.000260944
4,73938944,C,T,rs184715552,HNRNPA1P55,0.898371,0.0465442,0.00647186,0.0506725,0.00644572,0.00665666,0.00642856
4,73961985,G,A,rs79371536,CXCL1P1,0.898769,0.046352,0.00649084,0.0510219,0.00664652,0.00668415,0.00664345
4,73947510,A,C,rs182695896,CXCL1P1,0.89976,0.0458733,-0.00324902,0.0257931,0.0258139,0.0256154,0.02583
4,74007033,C,T,rs534825359,RP11-19B4.2,0.900772,0.0453851,0.0110687,0.0887728,0.00218193,0.00212175,0.00218683
4,73958680,G,A,rs151086944,CXCL1P1,0.900925,0.0453113,0.015898,0.127702,0.0011124,0.00110759,0.00111279
4,73994896,T,C,rs185434601,CXCL5,0.901789,0.0448949,0.00603571,0.0489113,0.00723111,0.0070831,0.00724315
4,74028847,C,T,rs115473760,CXCL3,0.903065,0.0442811,-0.00541158,0.0444335,0.00883962,0.00870524,0.00885056
4,73945406,C,A,rs187245281,CXCL1P1,0.908046,0.0418922,0.0191278,0.165603,0.000620807,0.000650731,0.000618372
4,73980754,A,G,rs780071012,PF4,0.909055,0.0414099,0.0120604,0.105579,0.00157119,0.00157918,0.00157054
4,74019778,C,A,rs551744069,RN7SL218P,0.910096,0.0409129,0.0185395,0.164186,0.000609004,0.000650679,0.000605612
4,73967909,C,G,rs184729019,PF4,0.913667,0.0392122,-0.0207456,0.191354,0.000530807,0.000509034,0.000532579
4,73939879,C,T,rs574307096,HNRNPA1P55,0.914629,0.0387548,-0.0222803,0.207836,0.000356646,0.000387491,0.000354136
4,74020478,C,CT,rs201033690,RN7SL218P,0.91478,0.0386834,-0.00297605,0.0278106,0.0222733,0.022084,0.0222887
4,73975358,A,T,rs750174232,PF4,0.915039,0.0385602,0.011272,0.105658,0.00157041,0.00157657,0.00156991
4,73946476,A,T,rs150836155,CXCL1P1,0.915058,0.0385515,0.0115507,0.108293,0.00160935,0.00143712,0.00162337
4,73953313,G,A,rs967778773,CXCL1P1,0.915309,0.0384321,0.0221389,0.208182,0.000780857,0.000853407,0.000774953
4,73968381,G,T,rs114478011,PF4,0.918417,0.0369599,-0.00337786,0.0329781,0.0153117,0.0156991,0.0152802
4,73957959,G,T,rs183728888,CXCL1P1,0.918919,0.036723,0.0115091,0.113061,0.00142117,0.00146831,0.00141733
4,73989627,C,T,rs1057025399,PPBP,0.919357,0.0365158,-0.0148254,0.146433,0.000885117,0.00091897,0.000882362
4,73952541,G,A,rs75328968,CXCL1P1,0.91958,0.0364104,-0.00243448,0.0241127,0.0302516,0.0300841,0.0302653
4,74011453,C,CA,rs560190039,RN7SL218P,0.920795,0.035837,-0.0234664,0.236004,0.000306414,0.000337655,0.000303872
4,74027203,G,T,rs771640621,CXCL3,0.922496,0.0350357,-0.0416137,0.427725,0.000106702,0.000111076,0.000106346
4,73983720,C,T,rs75985950,PF4,0.924818,0.0339435,0.0022812,0.0241739,0.0299484,0.030217,0.0299265
4,73971572,G,A,rs72650896,PF4,0.924895,0.0339078,-0.00196253,0.0208182,0.0408902,0.0409043,0.040889
4,74014793,G,A,rs1364687902,RN7SL218P,0.92529,0.033722,-0.0109784,0.117076,0.00135392,0.00129136,0.00135901
4,73991044,G,A,rs937780526,PPBP,0.927169,0.0328409,0.010801,0.118164,0.00120953,0.00129688,0.00120242
4,74022905,T,C,rs114673547,RN7SL218P,0.928245,0.0323373,-0.00272863,0.0303002,0.0188088,0.0185901,0.0188266
4,74014011,G,C,rs79026193,RN7SL218P,0.929898,0.0315649,0.00498828,0.0567018,0.00537053,0.00532005,0.00537464
4,73974153,A,G,rs963625908,PF4,0.936182,0.0286396,-0.0381362,0.476291,7.36389e-05,8.64968e-05,7.25926e-05
4,74004376,C,A,rs1303894534,RP11-19B4.2,0.937095,0.0282164,-0.00741135,0.0939078,0.00178069,0.0018971,0.00177122
4,73990099,A,G,rs1254456228,PPBP,0.940372,0.0267004,-0.0355947,0.475848,7.30472e-05,8.63405e-05,7.19654e-05
4,73940084,G,A,rs150888842,HNRNPA1P55,0.95106,0.0217919,-0.0136696,0.222722,0.00040881,0.000360047,0.000412778
4,74028307,C,T,rs182037340,CXCL3,0.956237,0.0194345,-0.00899753,0.16396,0.000650445,0.000645888,0.000650816
4,73986655,T,A,rs188697455,PPBP,0.957731,0.0187563,0.00440441,0.083101,0.00236192,0.00248065,0.00235226
4,73959100,T,G,rs139071863,CXCL1P1,0.957826,0.0187133,-0.00766618,0.144968,0.000858148,0.000849085,0.000858885
4,74015300,G,A,,RN7SL218P,0.958401,0.0184528,-0.0150491,0.288515,0.000212358,0.000236577,0.000210387
4,74007250,A,G,,RP11-19B4.2,0.959354,0.0180209,0.0146421,0.287304,0.000213698,0.000243295,0.00021129
4,73987570,G,A,rs148885848,PPBP,0.960813,0.0173612,-0.00147218,0.0299628,0.018929,0.0187985,0.0189396
4,73994248,C,T,rs555198508,CXCL5,0.963591,0.0161073,0.0186088,0.407661,0.000135208,0.000108577,0.000137375
4,73963492,T,G,rs193094340,PF4,0.965008,0.0154693,0.00622115,0.141807,0.000887073,0.000859135,0.000889346
4,73941377,G,A,rs1372845629,HNRNPA1P55,0.970492,0.013008,-0.0145334,0.392887,0.000141255,0.000122845,0.000142753
4,73955400,C,T,rs184557648,CXCL1P1,0.971796,0.0124249,0.00640976,0.181292,0.000524952,0.000529968,0.000524544
4,73976979,G,A,rs890672426,PF4,0.97266,0.0120391,0.00107843,0.031466,0.0175581,0.0178339,0.0175357
4,74030177,A,G,,CXCL3,0.973697,0.0115761,-0.0183282,0.555875,9.07917e-05,9.46205e-05,9.04801e-05
4,73955544,A,G,rs80028561,CXCL1P1,0.975335,0.010846,-0.00163311,0.0528216,0.00640622,0.00619449,0.00642345
4,74023852,C,A,rs573318729,RN7SL218P,0.976553,0.0103043,0.00553489,0.18832,0.000570818,0.000507628,0.000575961
4,73950811,G,A,rs143804116,CXCL1P1,0.978772,0.00931855,-0.00119391,0.044869,0.00839857,0.00852475,0.0083883
4,74018649,C,A,rs352052,RN7SL218P,0.980345,0.00862109,0.000201589,0.00818257,0.524243,0.524141,0.524252
4,74020100,A,G,rs149161,RN7SL218P,0.981501,0.00810935,0.000191069,0.00824023,0.546845,0.547235,0.546813
4,73960705,C,A,rs1399845088,CXCL1P1,0.983268,0.00732819,0.00324686,0.154817,0.000876856,0.000692964,0.000891821
4,73934236,A,G,,HNRNPA1P55,0.984118,0.00695284,0.0081037,0.407088,0.000137975,0.000110243,0.000140231
4,74008873,A,T,rs542258084,RP11-19B4.2,0.986683,0.00582246,-0.00216846,0.129914,0.00110016,0.00107051,0.00110258
4,74016251,T,C,rs422140,RN7SL218P,0.987615,0.00541224,-0.000127541,0.00821641,0.524351,0.524082,0.524373
4,73951772,A,G,rs149754424,CXCL1P1,0.988075,0.00521007,0.00121824,0.0815077,0.00248798,0.00259313,0.00247942
4,73994037,C,A,rs761072481,CXCL5,0.988725,0.00492443,-0.00352463,0.249418,0.000295763,0.000294016,0.000295905
4,73942584,T,C,rs745894592,CXCL1P1,0.990001,0.00436436,0.00275274,0.219654,0.000426092,0.000438264,0.000425101
4,73948817,G,A,rs1468128280,CXCL1P1,0.994777,0.00227434,0.00144174,0.220237,0.000393969,0.000437379,0.000390436
4,74006240,C,A,rs777816627,RP11-19B4.2,0.995713,0.00186579,-0.0012042,0.224126,0.000378885,0.000351663,0.000381101
4,74026619,C,T,,CXCL3,0.998612,0.000603275,0.000476421,0.273843,0.000272818,0.000245065,0.000275076
