HERMES_marker_name,HERMES_Allele1,HERMES_Allele2,HERMES_Allele1_freq,HERMES_freq_se,HERMES_min_freq,HERMES_max_freq,HERMES_effect,HERMES_std_error,HERMES_p_value,HERMES_direction,HERMES_het_i_sq,HERMES_het_chi_sq,HERMES_het_df,HERMES_het_p_value,HERMES_total_sample_size,HERMES_n_studies,rsID,HERMES_CHR,HERMES_BP
4:74869496,a,g,0.0262,0.0104,0.0144,0.0558,0.0765,0.0361,0.03391,-????+??-?+-+-+--+?+?+-++??+,25.2,21.402,16,0.1636,505250.0,17,rs111720070,4,74869496
4:74824817,t,g,0.9838,0.0032,0.9806,0.9899,-0.1117,0.0627,0.07492,-????-+-+??+--++--?-?+??????,4.8,13.651,13,0.3988,106285.0,14,rs139071863,4,74824817
4:74860140,a,g,0.0182,0.0037,0.0108,0.0244,0.0964,0.0559,0.08499,+????+?+-??-++--+??+?-??+-??,0.0,11.345,13,0.5819,108549.0,14,rs17813879,4,74860140
4:74895277,t,c,0.0186,0.006,0.0104,0.0265,0.0653,0.0428,0.1273,+????+?-???-++--+??+?+??+-?+,0.0,10.38,13,0.6626,473216.0,14,rs17814280,4,74895277
4:74877144,a,g,0.3609,0.023,0.294,0.4325,-0.0146,0.0107,0.1733,-?+??--++?-++++--??-?-+-+??-,0.0,17.488,18,0.4898,510273.0,19,rs2668076,4,74877144
4:74882260:ID,d,i,0.048,0.0102,0.0295,0.0654,0.0372,0.0322,0.248,+??+?+-+-?+???+--??++-?--?-?,0.0,12.419,15,0.6471,149870.0,16,rs11424035,4,74882260
4:74869031,a,g,0.9639,0.0069,0.952,0.9843,-0.0314,0.0278,0.2587,+?-??+-++?-+++----?--+?-+??-,0.0,14.682,19,0.7426,510570.0,20,rs116275494,4,74869031
4:74805105,a,g,0.0226,0.0101,0.0116,0.0441,-0.0428,0.0379,0.2588,-?+??+--+?--+---???-?+??+??+,0.0,9.711,15,0.8375,495524.0,16,rs115183538,4,74805105
4:74816843,a,g,0.2213,0.0093,0.1841,0.2479,0.0125,0.0114,0.2721,+--??+-++?+++-++-++-+++--+?-,12.9,26.393,23,0.2827,533925.0,24,rs2367442,4,74816843
4:74862852,t,c,0.6512,0.0154,0.6262,0.6882,-0.0111,0.0102,0.2773,-?+??-+-+?+-++-?-??--+?+--?+,0.0,9.066,18,0.9582,504163.0,19,rs3775488,4,74862852
4:74822551,c,g,0.8008,0.0442,0.728,0.8868,-0.0155,0.0155,0.3179,+?--?--+-++???-+-+?-----+?+?,0.0,17.509,19,0.5554,169468.0,20,rs35590485,4,74822551
4:74834098,t,g,0.026,0.0059,0.0132,0.042,0.0299,0.0304,0.3247,-?++?-+++?+---++++?++--+--+-,0.0,19.01,23,0.7006,553285.0,24,rs114478011,4,74834098
4:74883061,a,t,0.1014,0.0102,0.0451,0.1288,-0.0154,0.0164,0.3487,-?-??-+++?+--+--+??+------?-,0.0,13.176,20,0.8697,522622.0,21,rs12511021,4,74883061
4:74839483,a,c,0.9639,0.0059,0.9517,0.9729,0.0266,0.0295,0.3668,-????+-++?+++-++-??+?+??-??-,0.0,10.519,15,0.7859,493751.0,16,rs75971653,4,74839483
4:74822074,a,t,0.826,0.0185,0.7925,0.8868,-0.0124,0.0139,0.3719,++--?--+-++-+----+---+-+--+?,0.0,21.991,25,0.6363,197103.0,26,rs4694657,4,74822074
4:74825489,a,c,0.8228,0.0162,0.7927,0.8856,-0.0128,0.0144,0.3734,++--+--+-+?-+----+?--+-+--+?,0.0,21.869,24,0.5871,171569.0,25,rs13120504,4,74825489
4:74806370,a,g,0.9824,0.0035,0.9775,0.9884,-0.0373,0.0422,0.3763,?????+-++?-----+-??-?+?-+??-,0.0,7.397,15,0.9457,490215.0,16,rs149343071,4,74806370
4:74850570:ID,d,i,0.8923,0.0083,0.881,0.9234,-0.0159,0.0192,0.4072,+??+?+++-?+???--++?--+?--?+?,0.0,14.65,16,0.5504,153519.0,17,rs3048320,4,74850570
4:74855811:ID,d,i,0.1075,0.0081,0.0768,0.119,0.0158,0.0192,0.4109,-??-?---+?-???++--?++-?++?-?,0.0,14.499,16,0.5616,153519.0,17,rs35033774,4,74855811
4:74879817,c,g,0.0318,0.0044,0.0242,0.044,-0.0275,0.034,0.419,?????-++-?---+-?+??+?+??-??+,0.0,11.337,13,0.5826,476095.0,14,rs75255850,4,74879817
4:74872445,a,g,0.9622,0.0093,0.9426,0.9772,0.0198,0.0249,0.4271,+?+-?--++++----+-+++++-+--++,0.0,23.516,25,0.5474,562283.0,26,rs16850360,4,74872445
4:74843018,t,c,0.8808,0.0143,0.8643,0.9271,-0.0105,0.0135,0.4346,-+--?+++-++++---++---+---+++,0.0,24.643,26,0.5392,564813.0,27,rs2472655,4,74843018
4:74842572,t,c,0.8808,0.0143,0.8643,0.9274,-0.0105,0.0135,0.4358,-+--?+++-++++---++---+---+++,0.0,24.7,26,0.536,564822.0,27,rs1836663,4,74842572
4:74807490,a,g,0.8805,0.0142,0.864,0.927,-0.0105,0.0134,0.4368,----?+++-++++---++---+-+-+++,6.7,27.881,26,0.3643,564855.0,27,rs1898002,4,74807490
4:74876667,a,g,0.0365,0.0076,0.017,0.0425,-0.0226,0.0293,0.4397,+?-??--++?-+-+++-??-?-??+??-,0.0,11.324,16,0.789,496451.0,17,rs75761808,4,74876667
4:74821992,t,c,0.9766,0.0071,0.958,0.9883,-0.025,0.0324,0.4409,+?+-++---?-++++---?--++-++-+,0.1,24.022,24,0.4603,555274.0,25,rs75313768,4,74821992
4:74841385,t,c,0.1193,0.0143,0.0725,0.1357,0.0103,0.0135,0.444,+-++?---+----+++--+++-+++---,0.0,25.518,26,0.4898,564830.0,27,rs1594230,4,74841385
4:74834059,a,g,0.1183,0.0149,0.0719,0.1357,0.0103,0.0135,0.448,+-+-?---+----+++--+++-++++--,0.3,26.07,26,0.4593,564857.0,27,rs351997,4,74834059
4:74865192,t,c,0.0362,0.0089,0.0254,0.0488,-0.0227,0.0299,0.4485,+????-+--?---+--+??-?-??+??+,0.0,12.126,15,0.6695,493750.0,16,rs115104021,4,74865192
4:74811622,t,c,0.1192,0.0133,0.0685,0.1432,-0.0159,0.0214,0.4554,-?+??-++-?+-++---?--+--?-???,0.0,14.497,18,0.6962,147436.0,19,rs6853814,4,74811622
4:74875713,t,c,0.1673,0.0132,0.1109,0.1863,-0.009,0.0122,0.4579,--++?+-----+-++---?+--+++---,0.0,18.073,25,0.8393,559419.0,26,rs13118512,4,74875713
4:74863443,t,c,0.0168,0.0024,0.0101,0.0192,0.0291,0.0392,0.4582,+??-?-+?+?-++-+++-?+--++-?-+,0.0,14.988,20,0.7771,538407.0,21,rs74505573,4,74863443
4:74797139,t,g,0.1188,0.015,0.073,0.136,0.0101,0.0136,0.4593,+-++?---+----++?--+++-+-++--,12.2,28.485,25,0.286,556510.0,26,rs352024,4,74797139
4:74845132,t,c,0.1208,0.0129,0.0763,0.1347,0.0099,0.0136,0.4673,+-+-?+--+----+++--+++-+++---,0.0,22.818,26,0.6432,564788.0,27,rs1156554,4,74845132
4:74845154,t,g,0.8812,0.0137,0.8653,0.9236,-0.0099,0.0139,0.4732,-?-+?-++-++++?--++---+---+++,0.0,22.183,24,0.5683,560123.0,25,rs1156553,4,74845154
4:74807412,a,c,0.0157,0.0072,0.01,0.032,0.0278,0.0397,0.484,-?++-?+---+-??-++-?++--+++-+,2.5,22.561,22,0.4268,535360.0,23,rs114952511,4,74807412
4:74889275:ID,d,i,0.0236,0.0052,0.0115,0.0305,0.0353,0.0514,0.4919,-????-++-?-???-+++?+--??-???,24.1,17.135,13,0.1932,121206.0,14,rs146414612,4,74889275
4:74874202,t,c,0.1687,0.013,0.1117,0.1891,-0.0083,0.0121,0.4932,--++?+-----+-++---?+--+++---,0.0,17.404,25,0.8666,559442.0,26,rs2115693,4,74874202
4:74841564,c,g,0.8803,0.0141,0.8643,0.9275,-0.009,0.0135,0.5041,-+--?+++-++++---++---+---+++,0.0,25.26,26,0.5043,564830.0,27,rs1594229,4,74841564
4:74825768,t,c,0.1729,0.0183,0.1132,0.205,0.0096,0.0144,0.5046,-?++-++-+--+??+++-?++-+-++-?,0.0,21.836,22,0.4697,186946.0,23,rs12498174,4,74825768
4:74848065,c,g,0.0398,0.0092,0.0248,0.0601,-0.0156,0.0235,0.5076,-?-+-++----++++-+-----+-++--,0.0,25.603,26,0.4851,564275.0,27,rs3756074,4,74848065
4:74894373,t,c,0.6543,0.0155,0.609,0.6901,-0.0061,0.0096,0.5252,-++-?--+-?----+?++++-----++-,0.0,19.103,24,0.7465,552248.0,25,rs2115694,4,74894373
4:74805990,t,c,0.1556,0.0158,0.0976,0.1837,0.0092,0.0145,0.526,--+--+--+--+-++++-?++-+-++-?,0.0,23.403,25,0.554,193850.0,26,rs4694654,4,74805990
4:74840082:ID,d,i,0.9513,0.0089,0.9337,0.9722,0.0184,0.0292,0.5281,+??-+--++?-???-+--?-++?++?+?,7.1,18.295,17,0.3705,155499.0,18,rs139615988,4,74840082
4:74847111,a,c,0.9607,0.0088,0.9399,0.9751,0.0147,0.0236,0.5315,+?+-+--++++----+-+++++-+--++,0.0,25.713,26,0.479,564275.0,27,rs11574450,4,74847111
4:74798566,t,c,0.1186,0.0148,0.073,0.136,0.0084,0.0134,0.5323,+-++----+----+++--+++++-++--,20.0,33.741,27,0.1737,566835.0,28,rs164616,4,74798566
4:74897105,c,g,0.6548,0.0155,0.605,0.6903,-0.0059,0.0095,0.5374,-++-?+-+-?----++++?+-----++-,0.0,19.129,24,0.7451,555419.0,25,rs6837786,4,74897105
4:74811199,a,g,0.8806,0.0144,0.864,0.9277,-0.0083,0.0136,0.5395,-+--++++-++++--?++---+-+--++,25.2,34.756,26,0.117,558493.0,27,rs4694656,4,74811199
4:74873602,t,c,0.1142,0.0079,0.0829,0.1349,0.0104,0.017,0.5412,--++?---+-----++--+++-+++--?,0.0,20.359,25,0.7278,197036.0,26,rs187082,4,74873602
4:74801525,a,g,0.1184,0.0149,0.073,0.136,0.0082,0.0134,0.5417,+-++----+----+++--+++-++++--,20.0,33.75,27,0.1734,566835.0,28,rs164615,4,74801525
4:74888730,t,g,0.0562,0.0111,0.0265,0.0897,-0.0138,0.0229,0.5462,+?-??-+--?++--+--+?-++++-??-,0.0,14.338,20,0.8129,519733.0,21,rs72652916,4,74888730
4:74891870,c,g,0.0755,0.0121,0.0469,0.0915,0.0108,0.018,0.5481,--+-?++-++-++++--+?+--+++--+,0.0,20.138,25,0.7395,559399.0,26,rs79751923,4,74891870
4:74824035,a,g,0.8284,0.019,0.795,0.8868,-0.0091,0.0153,0.5535,+?--+--+-++???---+?--+-+-?+?,9.4,22.074,20,0.3365,171448.0,21,rs6819077,4,74824035
4:74797946,a,t,0.8815,0.0149,0.864,0.927,-0.0077,0.0134,0.5654,-+--++++-++++---++-----+--++,17.9,32.903,27,0.2003,566835.0,28,rs352023,4,74797946
4:74857708,a,g,0.1717,0.0147,0.1142,0.1882,-0.0067,0.0117,0.5702,--++-+-----++++?+-++--+++---,0.0,25.383,26,0.4974,558493.0,27,rs2472649,4,74857708
4:74810423,t,c,0.1185,0.0149,0.0722,0.136,0.0077,0.0136,0.5716,+-+-?---+----+++--?++-++++--,0.0,22.291,25,0.6189,559614.0,26,rs352013,4,74810423
4:74806082,t,c,0.8176,0.0135,0.7893,0.8821,-0.0064,0.0114,0.5745,++--?--+-++++--?-+---+-+--++,0.0,20.63,25,0.713,556469.0,26,rs4694655,4,74806082
4:74839071,t,c,0.1193,0.0143,0.0725,0.1357,0.0073,0.0135,0.5877,+-++?---+----+++--?++-+++---,0.0,19.523,25,0.7714,559604.0,26,rs6820253,4,74839071
4:74873635,t,c,0.1741,0.0138,0.1189,0.202,-0.0063,0.0118,0.5931,--++?+-----+-++---++--+++---,0.0,17.515,26,0.8927,564735.0,27,rs11729931,4,74873635
4:74797752,a,g,0.8804,0.0142,0.864,0.9267,-0.0072,0.0135,0.5936,----?+++-++++---++?--+-+-+++,0.0,21.862,25,0.6437,559611.0,26,rs4694653,4,74797752
4:74814641:ID,d,i,0.8456,0.0152,0.8283,0.8962,-0.0087,0.0165,0.5972,+??-+--+-?+???---+?--+?+-?+?,14.1,19.801,17,0.2845,155499.0,18,rs145692835,4,74814641
4:74859002:ID,d,i,0.8332,0.0162,0.8148,0.8863,0.0083,0.0163,0.6077,+??-+-+++?+???-+-+?-++?--?+?,9.2,18.728,17,0.3444,155499.0,18,rs138516538,4,74859002
4:74823857,a,t,0.8814,0.015,0.864,0.928,-0.0069,0.0136,0.6104,-+-+?+++-++++---++?--+---+++,0.0,20.921,25,0.697,559613.0,26,rs614822,4,74823857
4:74846661,a,c,0.0385,0.0083,0.0246,0.0562,-0.0121,0.0241,0.6149,-?-+-++----++++?+-----+-++--,10.2,27.854,25,0.3146,555920.0,26,rs11574452,4,74846661
4:74828639,t,c,0.1186,0.015,0.072,0.136,0.0068,0.0136,0.6151,+-+-?---+----+++--?++-+++---,0.0,20.362,25,0.7276,559609.0,26,rs189511,4,74828639
4:74886902,a,c,0.9584,0.0075,0.9507,0.9779,-0.0119,0.0239,0.6184,+?--?-+-+?-+++--+??--+?++-++,0.0,17.651,21,0.671,540119.0,22,rs353008,4,74886902
4:74844095:ID,d,i,0.954,0.0082,0.9394,0.973,0.0146,0.0294,0.6192,+??----++?-???-+-+?-++?++?+?,3.9,17.692,17,0.4085,155499.0,18,rs113889075,4,74844095
4:74805322,t,c,0.1187,0.0151,0.0731,0.136,0.0067,0.0137,0.6233,+-+-?---+----++?--?++-++++--,0.0,22.333,24,0.5594,551266.0,25,rs352018,4,74805322
4:74868461,t,g,0.1442,0.0332,0.0835,0.2039,0.0094,0.0193,0.6255,-?+?----+?-???+++-?++-+++???,26.2,23.05,17,0.1476,141086.0,18,rs164758,4,74868461
4:74862163,a,t,0.9844,0.0032,0.9772,0.9896,-0.0188,0.0386,0.6261,-?--?++???++??----?--+----++,0.0,17.483,19,0.5572,540533.0,20,rs139084547,4,74862163
4:74826711:ID,d,i,0.9824,0.0033,0.9769,0.9892,-0.0246,0.0512,0.631,+??-?+-?-?????++-+?---?+-?+?,30.9,20.254,14,0.1223,125906.0,15,rs58016186,4,74826711
4:74804923,t,g,0.8177,0.0135,0.7887,0.8821,-0.0054,0.0113,0.6311,++--?--+-++++----+?--+-+--++,0.0,19.456,25,0.7748,559570.0,26,rs6446970,4,74804923
4:74826269,t,g,0.8816,0.0152,0.864,0.928,-0.0065,0.0136,0.6316,-+-+?+++-++++---++?--+---+++,0.0,20.153,25,0.7388,559612.0,26,rs416176,4,74826269
4:74877895,a,g,0.5437,0.0229,0.523,0.6119,-0.0043,0.009,0.6342,--+-+-+---+----?-?++++++--++,0.0,16.276,25,0.9064,554025.0,26,rs6446974,4,74877895
4:74859477,c,g,0.8287,0.0154,0.811,0.8863,0.0053,0.0117,0.6489,++--?-+++++------+?-++---+++,0.0,14.923,25,0.9432,559602.0,26,rs12505025,4,74859477
4:74810082,c,g,0.8796,0.014,0.864,0.9275,-0.0061,0.0134,0.6505,-+--++++-++++---++?-------++,7.7,28.164,26,0.3505,561595.0,27,rs1025596,4,74810082
4:74851232,a,g,0.8805,0.0169,0.8601,0.9269,-0.0059,0.0135,0.6649,++-+?+++-++++---++---+---+++,0.0,22.601,26,0.6554,564848.0,27,rs442155,4,74851232
4:74806194,a,t,0.1822,0.0134,0.1179,0.2111,0.0048,0.0113,0.6677,--++-++-+----++++-+++-+-++--,0.0,24.104,27,0.6245,566794.0,28,rs13136948,4,74806194
4:74845417,a,c,0.9584,0.0093,0.9322,0.9739,0.0099,0.0231,0.67,+?--+-++++-------+++++-++-++,0.0,25.306,26,0.5017,564251.0,27,rs1435520,4,74845417
4:74880750,a,g,0.9586,0.0063,0.9525,0.9769,-0.01,0.0235,0.6704,+?--?++-+?-+++--+??--+?++-++,0.0,16.972,21,0.7128,540158.0,22,rs352054,4,74880750
4:74844556:ID,d,i,0.0476,0.009,0.0269,0.0657,-0.0124,0.0293,0.6723,-??+-++--?+???+-+-?+--?--?-?,4.0,17.714,17,0.4071,155499.0,18,rs11333872,4,74844556
4:74855231,a,g,0.1244,0.0153,0.08,0.1488,0.0057,0.0134,0.6743,--+-?---++---++?--+++-+++---,0.0,23.587,25,0.5433,556512.0,26,rs352010,4,74855231
4:74880852,t,g,0.0637,0.01,0.0487,0.089,-0.0089,0.0221,0.6885,-????+---?-+++-+-??+?-??-??+,25.9,20.255,15,0.1624,493752.0,16,rs79649467,4,74880852
4:74796915,a,g,0.1183,0.0149,0.073,0.136,0.0054,0.0136,0.6915,+-++----+----+++--?++-+-++--,4.1,27.117,26,0.4032,561591.0,27,rs164617,4,74796915
4:74837289,a,g,0.0332,0.0056,0.02,0.0466,0.0126,0.0318,0.6919,?????+++-?+--+--+??-?+??-??+,0.0,12.981,14,0.528,484439.0,15,rs72650896,4,74837289
4:74810456,c,g,0.8807,0.0143,0.8641,0.9275,-0.0052,0.0135,0.6972,----++++-++++---++?--+-+--++,6.5,27.815,26,0.3676,561595.0,27,rs2043537,4,74810456
4:74807928,a,g,0.1824,0.0136,0.118,0.2111,0.0044,0.0113,0.6972,--++-++-+----++++-+++-+-++--,0.0,25.041,27,0.5721,566794.0,28,rs1435521,4,74807928
4:74858369:ID,d,i,0.1126,0.0079,0.0826,0.122,0.0072,0.0187,0.7014,-??+----+?-???++--?++-?++?-?,20.8,21.464,17,0.2062,155499.0,18,rs33935231,4,74858369
4:74859403,t,c,0.8181,0.0198,0.7707,0.8863,0.0044,0.0117,0.7048,++--?-+++++------+?--+---+++,0.0,14.38,25,0.9547,559599.0,26,rs12512838,4,74859403
4:74885369,a,t,0.024,0.0056,0.0114,0.0307,0.0118,0.0315,0.7084,+?++?--+-?+--+++++?++-?++---,0.0,11.771,22,0.9619,543888.0,23,rs138268738,4,74885369
4:74826316,t,c,0.0216,0.0048,0.01,0.0242,-0.0156,0.0418,0.7084,+?????+--?---+----???-+-+??+,23.9,21.034,16,0.1772,456533.0,17,rs191180456,4,74826316
4:74849352,t,c,0.1199,0.0159,0.0769,0.1393,0.005,0.0135,0.7106,+-+-?---++---+++--+++-+++---,0.0,21.673,26,0.7064,564852.0,27,rs394408,4,74849352
4:74803735,t,c,0.0179,0.0086,0.0102,0.032,0.0191,0.052,0.7139,+?++??++-?+-??-++-?-+-?++?-?,0.0,16.894,17,0.4616,145799.0,18,rs76991297,4,74803735
4:74844432,a,c,0.9572,0.011,0.932,0.9731,0.0083,0.0227,0.7152,+?+-+--+++-----+-++-++-++-++,0.0,25.229,26,0.506,564288.0,27,rs6813952,4,74844432
4:74842764,a,g,0.0428,0.011,0.027,0.068,-0.0083,0.0228,0.7161,-?-++++---+++++-++?+--+--+--,0.0,24.314,25,0.5013,559048.0,26,rs74499711,4,74842764
4:74880234,t,c,0.4636,0.014,0.4365,0.5018,-0.0032,0.009,0.7184,+---?-+-+-+----+--?+++-+--++,0.0,14.988,25,0.9417,558817.0,26,rs2195545,4,74880234
4:74849923,a,g,0.1186,0.0171,0.0731,0.1393,0.0049,0.0136,0.72,--+-?---+----+++--+++-+++---,0.0,21.302,26,0.7262,564848.0,27,rs447206,4,74849923
4:74804846,c,g,0.1194,0.0143,0.0733,0.136,0.0048,0.0135,0.7239,++++----+----+++--?++-+-+---,2.1,26.546,26,0.4334,561591.0,27,rs1821623,4,74804846
4:74850705,t,c,0.8802,0.016,0.8607,0.9234,-0.0047,0.0135,0.725,++-+?+++--+++---++---+---+++,0.0,21.124,26,0.7355,564857.0,27,rs191601,4,74850705
4:74851660,t,c,0.1196,0.0161,0.0766,0.1393,0.0047,0.0135,0.7261,--+-?---++---+++--+++-+++---,0.0,20.933,26,0.7454,564857.0,27,rs377579,4,74851660
4:74835131,a,c,0.0583,0.0139,0.0321,0.091,-0.0067,0.0194,0.7292,---+?++---++-+--+-?++-+--+--,0.0,21.729,25,0.6514,559605.0,26,rs72855280,4,74835131
4:74851693,a,g,0.8804,0.0161,0.8607,0.9234,-0.0047,0.0135,0.7296,++-+?+++--+++---++---+---+++,0.0,21.032,26,0.7403,564857.0,27,rs352009,4,74851693
4:74833446,t,c,0.0426,0.0108,0.0278,0.0657,-0.0078,0.0227,0.7307,-?--?++---++-++-++-++-+--+--,3.4,25.882,25,0.4139,562322.0,26,rs1429637,4,74833446
4:74837402,t,c,0.1747,0.0155,0.1136,0.207,0.0037,0.0116,0.7488,--++?++-+--+-++?+-+++-+-++--,0.0,21.778,25,0.6485,556514.0,26,rs4694180,4,74837402
4:74856535,t,c,0.8802,0.016,0.8607,0.923,-0.0043,0.0135,0.7507,++-+?+++--+++---++---+---+++,0.0,20.029,26,0.7902,564851.0,27,rs2457996,4,74856535
4:74825947,t,c,0.0182,0.0038,0.0108,0.033,-0.013,0.0445,0.7696,-?-+?-+?+-?--+--+-?++++-+--?,10.8,23.551,21,0.3153,161746.0,22,rs429846,4,74825947
4:74819777:ID,d,i,0.0463,0.0081,0.0278,0.0593,-0.008,0.0292,0.7832,-??-?++--?+???+-++?+++?--?-?,8.3,17.45,16,0.357,153519.0,17,rs34989669,4,74819777
4:74831180,t,g,0.0429,0.0109,0.0277,0.0664,-0.0062,0.0227,0.7852,-?--?++---++-++-++-++++--+--,0.0,24.538,25,0.4885,562322.0,26,rs4082827,4,74831180
4:74847292,c,g,0.8773,0.015,0.8588,0.9192,-0.0036,0.0134,0.7903,++--?+++--+++---++---+---+++,0.0,20.006,26,0.7913,564832.0,27,rs352007,4,74847292
4:74885817,a,g,0.5167,0.0218,0.4541,0.5462,0.0023,0.0091,0.8012,++-+-+-+++-++++-+??-----++--,0.0,15.78,25,0.9212,557310.0,26,rs149161,4,74885817
4:74822834,a,g,0.0186,0.0041,0.011,0.0252,0.0128,0.051,0.8013,-??+?---+-????--+-?+++++-?-?,0.0,16.721,17,0.4734,144378.0,18,rs182192448,4,74822834
4:74807822,a,g,0.0278,0.007,0.01,0.0341,0.0085,0.0339,0.8017,+?-??---+?+-++++-+?-?-?++??-,0.0,9.807,18,0.938,505879.0,19,rs74829304,4,74807822
4:74842189,t,c,0.8254,0.0152,0.792,0.8848,-0.0029,0.0115,0.8035,++--?--+-++-+----+---+-+--++,0.0,20.403,26,0.7721,564812.0,27,rs6810940,4,74842189
4:74855858,a,g,0.1203,0.0157,0.0767,0.1394,0.0031,0.0134,0.8182,--+-?---++---+++--+++-+++---,0.0,21.017,26,0.7411,564857.0,27,rs552582,4,74855858
4:74851918,a,g,0.1125,0.011,0.0805,0.1336,-0.0044,0.0198,0.8231,--+-??--++---+++--+?+-+++--?,0.0,16.906,23,0.8138,140887.0,24,rs183028,4,74851918
4:74825095,t,c,0.9862,0.0017,0.9814,0.9897,-0.0115,0.052,0.8247,-??-++???+?-++++-+?----+--+?,0.0,17.808,19,0.5353,155888.0,20,rs116381873,4,74825095
4:74837229,a,c,0.9577,0.0108,0.933,0.973,0.0049,0.0229,0.8303,+?+-?--+++-----+--?-++-++-++,0.0,23.515,24,0.4896,557091.0,25,rs80127839,4,74837229
4:74835367,a,g,0.1743,0.0155,0.1134,0.207,0.0025,0.0115,0.8305,--++?++-+--+-++++-?++-+-++--,0.0,20.512,25,0.7195,559613.0,26,rs2175498,4,74835367
4:74837510,a,g,0.9577,0.0108,0.933,0.973,0.0049,0.0229,0.831,+?+-?--+++-----+--?-++-++-++,0.0,23.5,24,0.4905,557090.0,25,rs11508014,4,74837510
4:74837932,a,g,0.0423,0.0108,0.027,0.067,-0.0048,0.0229,0.833,-?-+?++---+++++-++?+--+--+--,0.0,23.698,24,0.479,557090.0,25,rs79472060,4,74837932
4:74810927:ID,d,i,0.1126,0.0116,0.0731,0.122,-0.0046,0.0227,0.8396,+??-?---+?-???++--??+-?++?-?,0.0,13.987,15,0.5265,116837.0,16,rs34773024,4,74810927
4:74819948,c,g,0.8246,0.0157,0.7919,0.8867,-0.0023,0.0115,0.8447,++--?--+-++-+----+?--+-+--++,0.0,22.217,25,0.6232,559587.0,26,rs6822890,4,74819948
4:74850823,a,t,0.8802,0.0161,0.8607,0.9234,-0.0026,0.0135,0.8449,++-+?+++--+++---++?--+---+++,0.0,19.295,25,0.7828,559613.0,26,rs193263,4,74850823
4:74829552,a,g,0.0431,0.0109,0.0278,0.0665,-0.0044,0.0226,0.8468,-?--+++---++-++-++?++-+--+--,0.0,22.647,25,0.5982,559058.0,26,rs2195543,4,74829552
4:74850623,t,c,0.1197,0.0161,0.0766,0.1393,0.0026,0.0135,0.8498,--+-?---++---+++--?++-+++---,0.0,19.279,25,0.7835,559613.0,26,rs168449,4,74850623
4:74817870,a,g,0.9862,0.0017,0.9814,0.9897,-0.0098,0.052,0.8506,-??-++???+?-++++-+?----+--+?,0.0,18.011,19,0.5217,155888.0,20,rs116275081,4,74817870
4:74840445,a,t,0.8254,0.0151,0.792,0.8849,-0.002,0.0115,0.8583,++--+--+-++-+----+---+-+--++,0.0,23.646,27,0.6499,566825.0,28,rs4694660,4,74840445
4:74816644,a,g,0.014,0.0017,0.0103,0.0189,0.009,0.0517,0.862,+??+--???-?+----+-?++++-++-?,0.0,18.31,19,0.5018,155888.0,20,rs75867857,4,74816644
4:74831831,a,c,0.0169,0.0038,0.0108,0.034,-0.0065,0.0371,0.862,-?-+?-+?+-?--+--+--++++-+--+,6.5,24.606,23,0.3709,534722.0,24,rs351996,4,74831831
4:74884366,a,c,0.4845,0.0165,0.4665,0.5309,-0.0015,0.0088,0.8681,-+--+-+-+-+----+-??+-+++--++,0.0,15.48,25,0.9294,557471.0,26,rs352052,4,74884366
4:74841355,a,g,0.0161,0.0031,0.0102,0.0225,0.0062,0.0378,0.8699,-?-++-+?+-?--+--+-?++-+-+--+,1.5,23.359,23,0.44,531455.0,24,rs72855283,4,74841355
4:74834179,t,c,0.0139,0.0017,0.0103,0.0185,0.0085,0.0519,0.8699,+??+--???-?+----+-?++++-++-?,0.1,19.01,19,0.4562,155888.0,20,rs140407406,4,74834179
4:74831488,a,g,0.8247,0.0157,0.7928,0.8866,-0.0018,0.0115,0.8727,++--?--+-++-+----+?--+-+--++,0.0,20.267,25,0.7327,559590.0,26,rs10017182,4,74831488
4:74822879,a,t,0.3493,0.136,0.1209,0.495,-0.0026,0.0161,0.8738,-?+??++-+?-???+-+-?+-+?--???,0.0,9.148,15,0.8696,129746.0,16,rs76964017,4,74822879
4:74819876,t,g,0.1588,0.0126,0.1036,0.1832,0.0019,0.012,0.8762,--+-?++-+--+-++++-?++-+-++--,0.0,22.552,25,0.6037,559592.0,26,rs3114083,4,74819876
4:74818742,a,g,0.017,0.0039,0.0107,0.033,-0.0058,0.0372,0.8767,-?-+?-+?+-?--+--+-?++++-+--+,6.3,23.491,22,0.3745,529473.0,23,rs352032,4,74818742
4:74814266,t,c,0.0434,0.0111,0.0277,0.0687,-0.0034,0.0225,0.8783,-?--+++---++-++-++?++++--+--,0.0,22.976,25,0.579,559059.0,26,rs75158139,4,74814266
4:74826087,a,c,0.8243,0.0152,0.7926,0.8867,-0.0017,0.0116,0.8802,++--+--+-++-+--?-+---+-+--++,0.0,25.78,26,0.4753,558469.0,27,rs10938105,4,74826087
4:74819806,c,g,0.9567,0.0111,0.9316,0.9726,0.0033,0.0226,0.8857,+?++?--+++--+--+--?----++-++,0.0,23.05,24,0.5169,557079.0,25,rs151307926,4,74819806
4:74833373,a,t,0.1747,0.0154,0.1133,0.2072,0.0016,0.0115,0.8871,--++-++-+--+-++++-+++-+-++--,0.0,25.36,27,0.5543,566820.0,28,rs8180167,4,74833373
4:74822174,a,g,0.1747,0.0152,0.1131,0.2063,0.0016,0.0115,0.8872,--++?++-+--+-++++-?++++-++--,0.0,21.372,25,0.6717,559588.0,26,rs4694658,4,74822174
4:74834656,t,c,0.8188,0.0152,0.767,0.8778,-0.0016,0.0116,0.8876,++--?--+-++++--?-+---+-+--++,0.0,24.002,25,0.5193,556389.0,26,rs1595009,4,74834656
4:74837878,t,c,0.0162,0.0031,0.0105,0.0224,0.0052,0.0378,0.89,-?-++-+?+-?--+--+-?++-+-+--+,5.4,24.301,23,0.3873,531457.0,24,rs61300937,4,74837878
4:74821616,a,g,0.8254,0.0152,0.7936,0.8869,-0.0015,0.0115,0.8932,++--?--+-++-+----+?----+--++,0.0,21.411,25,0.6695,559588.0,26,rs13128887,4,74821616
4:74817524,t,g,0.9566,0.0111,0.9315,0.9722,0.0029,0.0225,0.8967,+?++---+++--+--+--?----++-++,0.0,23.068,25,0.5736,559059.0,26,rs115959394,4,74817524
4:74863997,t,c,0.1289,0.0198,0.0828,0.1532,-0.0017,0.0133,0.899,--++----++----+?--+++-+++---,15.3,30.7,26,0.2396,558461.0,27,rs425535,4,74863997
4:74864550,c,g,0.8658,0.0208,0.8406,0.9095,0.0016,0.0129,0.8991,++--++++--+++---++?--+---+++,0.0,24.87,26,0.5264,561544.0,27,rs352046,4,74864550
4:74886248,c,g,0.4758,0.0126,0.4371,0.4975,0.0011,0.0089,0.8994,++-+-+-+++-++++-+??-----++--,0.0,15.887,25,0.9182,557854.0,26,rs991439,4,74886248
4:74831868,t,c,0.9831,0.0038,0.966,0.9892,0.0047,0.0373,0.8999,+?+-?+-?-+?++-++-+?----+-++-,10.9,24.702,22,0.3116,529478.0,23,rs164757,4,74831868
4:74877968,c,g,0.025,0.0028,0.0158,0.037,-0.005,0.0442,0.9107,-????-++-?+-+++--??-?-??++??,0.0,9.088,15,0.8729,132749.0,16,rs28574621,4,74877968
4:74834411,t,c,0.9834,0.0034,0.971,0.9891,0.004,0.0373,0.915,+?+--+-?-+?++-++-+?--+-+-+--,7.2,24.796,23,0.3609,531458.0,24,rs56174106,4,74834411
4:74837152,a,c,0.8258,0.0155,0.793,0.8865,-0.001,0.0115,0.9275,++--+--+-++-+----+?--+-+--++,0.0,23.264,26,0.618,561595.0,27,rs4694659,4,74837152
4:74858488,c,g,0.8727,0.0186,0.8497,0.9174,-0.0012,0.0131,0.928,++--++++--+++---++---+---+++,0.0,26.874,27,0.4706,566813.0,28,rs420389,4,74858488
4:74826935,a,g,0.1623,0.0141,0.1036,0.1916,-0.0011,0.0119,0.9281,--+--++-+--+-++-+-?++++-++--,0.0,24.628,26,0.5401,561572.0,27,rs2564596,4,74826935
4:74881968,t,c,0.515,0.0164,0.4684,0.5331,0.0008,0.0088,0.9309,+-++-+-+-+-++++?++--+---++--,0.0,14.823,26,0.9605,557832.0,27,rs422140,4,74881968
4:74838472,a,t,0.1741,0.0155,0.1136,0.207,0.001,0.0115,0.9328,--++-++-+--+-++++-?++-+-++--,0.0,23.293,26,0.6163,561594.0,27,rs6446973,4,74838472
4:74857682,a,g,0.1016,0.0185,0.0582,0.1233,0.0012,0.0146,0.9344,--+-?---++-++-+---+++++++---,0.0,15.578,26,0.9458,564825.0,27,rs416046,4,74857682
4:74812831,c,g,0.1706,0.0153,0.1051,0.2027,0.001,0.0116,0.9346,--++-+--+--+-++-+-?++-+-++--,5.0,27.374,26,0.3899,561568.0,27,rs11939236,4,74812831
4:74801389,t,g,0.8412,0.0138,0.8159,0.9022,-0.0009,0.0119,0.9371,++-++-++-++-+----+?--+-+--++,0.0,24.268,26,0.5606,561581.0,27,rs7662553,4,74801389
4:74858051,a,g,0.873,0.0186,0.8497,0.9174,-0.001,0.0131,0.9388,++--++++--+++---++---+---+++,0.0,26.989,27,0.4644,566814.0,28,rs450373,4,74858051
4:74857970,a,c,0.873,0.0186,0.8497,0.9174,-0.001,0.0131,0.9396,++--++++--+++---++---+---+++,0.0,26.799,27,0.4747,566814.0,28,rs440676,4,74857970
4:74805472,t,g,0.8415,0.0136,0.8165,0.9022,-0.0009,0.0119,0.94,++-++-++-++-+----+?--+-+--++,0.0,24.163,26,0.5666,561581.0,27,rs2115695,4,74805472
4:74856663,t,c,0.1269,0.0186,0.0826,0.1503,0.0009,0.0132,0.9442,--++----++---+++--+++-+++---,0.0,26.405,27,0.4962,566814.0,28,rs187080,4,74856663
4:74879202,c,g,0.4759,0.0132,0.4343,0.4895,0.0006,0.0089,0.9451,++-+-+-+++-++++-+??-----++--,0.0,16.1,25,0.9118,557318.0,26,rs72652911,4,74879202
4:74817608,t,c,0.0679,0.0109,0.0447,0.0776,-0.0015,0.022,0.9451,-????++--?--+-+--??-?+??+??-,40.9,25.365,15,0.04526,493752.0,16,rs111643405,4,74817608
4:74821146,a,g,0.1757,0.0155,0.1131,0.2064,0.0008,0.0115,0.947,--++?++-+--+-++++-?++-+-++--,0.0,21.48,25,0.6656,559587.0,26,rs6813021,4,74821146
4:74840613,a,t,0.1745,0.0152,0.1151,0.208,0.0007,0.0115,0.9511,--++-++-+--+-++++-?++-+-++--,0.0,22.541,26,0.6587,561570.0,27,rs4694661,4,74840613
4:74798330,a,g,0.1585,0.0137,0.0979,0.1856,0.0007,0.0119,0.9519,--+--+--+--+-++++-?++-+-++--,0.0,24.394,26,0.5535,561581.0,27,rs7668241,4,74798330
4:74818812,a,g,0.0166,0.0034,0.0107,0.029,-0.0022,0.0374,0.9526,-?-++-+?+-?--+--+-?++++-+--+,0.0,22.725,23,0.4769,531455.0,24,rs352031,4,74818812
4:74799583,a,g,0.1593,0.0138,0.0978,0.1841,0.0007,0.0119,0.9538,--+--+--+--+-++++-?++++--+--,0.0,24.488,26,0.5481,561581.0,27,rs10805071,4,74799583
4:74834458,a,c,0.8256,0.0154,0.793,0.8861,-0.0007,0.0115,0.9546,++--+--+-++++----+?--+-+--++,0.0,23.921,26,0.5805,561566.0,27,rs1595008,4,74834458
4:74807834:ID,d,i,0.0447,0.009,0.0195,0.053,-0.0017,0.0298,0.9555,-??-?+++-?+???+-+-?++-?--?-?,14.7,18.757,16,0.2815,153519.0,17,rs148686014,4,74807834
4:74857658,a,c,0.8671,0.0193,0.8432,0.9118,0.0006,0.0128,0.9597,++--++++-++++---++---+---+++,0.0,22.826,27,0.6943,566810.0,28,rs409336,4,74857658
4:74829332,a,c,0.8249,0.0153,0.7928,0.8867,-0.0006,0.0115,0.9607,++--+--+-++-+----+?--+-+--++,0.0,24.2,26,0.5646,561569.0,27,rs10033521,4,74829332
4:74858300,a,t,0.8731,0.0186,0.8497,0.9174,-0.0006,0.0132,0.9621,++--++++--+++---++---+---+++,0.0,26.488,27,0.4917,566814.0,28,rs2564594,4,74858300
4:74810969:ID,d,i,0.0448,0.0089,0.0203,0.0538,-0.0014,0.0296,0.9623,-??-++++-?+???+-+-?++-?--?-?,8.6,18.59,17,0.3526,155499.0,18,rs139239225,4,74810969
4:74818406,t,c,0.1753,0.0153,0.1131,0.2065,-0.0005,0.0115,0.9644,--++-++-+--+-++++-?++-+-++--,0.0,24.609,26,0.5412,561566.0,27,rs2367443,4,74818406
4:74817095,a,g,0.1754,0.0155,0.1134,0.2076,0.0005,0.0115,0.9681,--++-++-+--+-++++-?++-+-++--,0.0,25.338,26,0.4999,561562.0,27,rs4399951,4,74817095
4:74828447,a,g,0.8249,0.0153,0.7929,0.8867,-0.0005,0.0115,0.9683,++--+--+-++-+----+?--+-+--++,0.0,24.401,26,0.5531,561570.0,27,rs3906613,4,74828447
4:74887033,t,c,0.4748,0.0124,0.4362,0.4897,0.0003,0.009,0.9692,++-+-+-+++-++++?+?------++--,0.0,15.514,25,0.9285,554845.0,26,rs6840660,4,74887033
4:74804444,a,g,0.0421,0.0111,0.0195,0.0663,-0.0008,0.0229,0.9716,-?--?+++--++-++-++?++----+--,0.0,23.574,24,0.4862,557088.0,25,rs116254820,4,74804444
4:74878650,t,c,0.5248,0.0132,0.5099,0.5641,-0.0003,0.0089,0.9746,----+-+---+----+-??+++++--++,0.0,15.723,25,0.9228,557312.0,26,rs1121107,4,74878650
4:74805942,c,g,0.9575,0.0113,0.933,0.9805,0.0007,0.0228,0.9752,+?++?---++-----+--?--+-++-++,0.0,23.352,24,0.4991,557088.0,25,rs938094,4,74805942
4:74864687,t,g,0.1286,0.0197,0.0828,0.1532,-0.0003,0.0132,0.9796,--++----++----++--+++-+++---,11.7,30.584,27,0.2886,566805.0,28,rs352045,4,74864687
4:74857515,a,g,0.8676,0.0197,0.8432,0.9119,-0.0003,0.0129,0.9834,++--++++-++++---++---+---+++,0.0,22.875,27,0.6917,566812.0,28,rs426901,4,74857515
4:74801272,t,g,0.9581,0.0109,0.9346,0.9807,0.0004,0.023,0.986,+?++?---++--+--+-+?--++++-++,0.0,23.576,24,0.486,557089.0,25,rs76595330,4,74801272
4:74832037,t,g,0.8258,0.0152,0.7935,0.8869,0.0002,0.0115,0.9861,++--+--+-++-+----+?--+-+--++,0.0,22.944,26,0.6361,561571.0,27,rs9291189,4,74832037
4:74862090,c,g,0.1333,0.0211,0.0872,0.1596,-0.0002,0.013,0.9889,--++----++---+++--+++-+++---,0.0,25.948,27,0.5215,566808.0,28,rs352047,4,74862090
4:74860238,t,c,0.1317,0.0177,0.0869,0.1526,0.0001,0.0132,0.9938,--++?---+----++?--?++-+++---,0.0,13.924,24,0.9483,551239.0,25,rs2437285,4,74860238
4:74798010,a,g,0.0418,0.0109,0.0195,0.0654,-0.0001,0.023,0.9958,-?--?+++--++-++-+-?++----+--,0.0,23.779,24,0.4743,557089.0,25,rs78267059,4,74798010
4:74822881,a,g,0.3472,0.136,0.1209,0.495,0.0,0.0161,0.9978,+?+??++-+?-???+-+-?+++?--???,0.0,8.602,15,0.8974,129746.0,16,rs74693196,4,74822881
4:74807007,a,g,0.042,0.011,0.0195,0.0662,0.0,0.0229,0.9991,-?--?+++--+++++-+-?++----+--,0.0,23.805,24,0.4728,557088.0,25,rs7666671,4,74807007
