rsID,HERMES_GRCh37_CHR,HERMES_GRCh37_BP,HERMES_effect_allele,HERMES_other_allele,HERMES_effect_allele_frequency,HERMES_effect,HERMES_std_error,HERMES_p_value,HERMES_total_sample_size
rs111720070,4,74869496,a,g,0.0244,0.0492,0.0327,0.1327,899406.0
rs115183538,4,74805105,a,g,0.0218,-0.0471,0.0329,0.1525,889680.0
rs13120504,4,74825489,a,c,0.821,-0.016,0.0122,0.1895,565725.0
rs4694657,4,74822074,a,t,0.8235,-0.0155,0.0119,0.1926,591259.0
rs17814280,4,74895277,t,c,0.0202,0.0414,0.0347,0.2334,867372.0
rs75971653,4,74839483,a,c,0.964,0.0296,0.0255,0.2458,887907.0
rs11424035,4,74882260,d,i,0.048,0.0372,0.0322,0.248,149870.0
rs12498174,4,74825768,t,c,0.1758,0.0136,0.0122,0.262,581102.0
rs74829304,4,74807822,a,g,0.0255,0.0337,0.0301,0.2629,900035.0
rs61300937,4,74837878,t,c,0.0166,0.0339,0.0325,0.2975,925613.0
rs72855283,4,74841355,a,g,0.0166,0.0338,0.0325,0.2976,925611.0
rs72650896,4,74837289,a,g,0.0346,0.0267,0.0263,0.3112,878595.0
rs139071863,4,74824817,t,g,0.9852,-0.0517,0.0511,0.3117,500441.0
rs35590485,4,74822551,c,g,0.8008,-0.0155,0.0155,0.3179,169468.0
rs2115694,4,74894373,t,c,0.6552,-0.0085,0.0086,0.3238,946404.0
rs17813879,4,74860140,a,g,0.0171,0.0428,0.0448,0.3392,502705.0
rs6837786,4,74897105,c,g,0.6555,-0.008,0.0085,0.3449,949575.0
rs4694655,4,74806082,t,c,0.8163,-0.0095,0.0102,0.3487,950625.0
rs6853814,4,74811622,t,c,0.1231,-0.0147,0.0167,0.3776,541592.0
rs2668076,4,74877144,a,g,0.3679,-0.0081,0.0092,0.3782,904429.0
rs352031,4,74818812,a,g,0.017,0.0283,0.0322,0.3795,925611.0
rs6446970,4,74804923,t,g,0.8164,-0.0087,0.0101,0.3884,953726.0
rs115104021,4,74865192,t,c,0.0362,-0.0216,0.0254,0.396,887906.0
rs352054,4,74880750,a,g,0.9604,-0.0179,0.0213,0.4,934314.0
rs3048320,4,74850570,d,i,0.8923,-0.0159,0.0192,0.4072,153519.0
rs35033774,4,74855811,d,i,0.1075,0.0158,0.0192,0.4109,153519.0
rs13136948,4,74806194,a,t,0.1835,0.0082,0.0101,0.4153,960950.0
rs164757,4,74831868,t,c,0.9828,-0.0255,0.0322,0.4287,923634.0
rs28574621,4,74877968,c,g,0.0247,-0.0281,0.0356,0.4295,526905.0
rs429846,4,74825947,t,c,0.0182,0.0287,0.0365,0.432,555902.0
rs56174106,4,74834411,t,c,0.9831,-0.0253,0.0323,0.4336,925614.0
rs1435521,4,74807928,a,g,0.1837,0.0077,0.0101,0.4456,960950.0
rs351996,4,74831831,a,c,0.0173,0.0239,0.0321,0.4556,928878.0
rs75255850,4,74879817,c,g,0.0301,0.0213,0.0286,0.4557,870251.0
rs116381873,4,74825095,t,c,0.9864,-0.032,0.0429,0.4562,550044.0
rs16850360,4,74872445,a,g,0.9595,0.016,0.0215,0.457,956439.0
rs3775488,4,74862852,t,c,0.6537,-0.0066,0.0091,0.4647,898319.0
rs139084547,4,74862163,a,t,0.9851,-0.025,0.035,0.4742,934689.0
rs351997,4,74834059,a,g,0.1176,0.0087,0.0122,0.4757,959013.0
rs1836663,4,74842572,t,c,0.8816,-0.0086,0.0121,0.478,958978.0
rs75867857,4,74816644,a,g,0.0138,0.0301,0.0427,0.4809,550044.0
rs116275081,4,74817870,a,g,0.9864,-0.0302,0.043,0.4816,550044.0
rs114952511,4,74807412,a,c,0.0157,0.0278,0.0397,0.484,535360.0
rs2472655,4,74843018,t,c,0.8816,-0.0085,0.0121,0.484,958969.0
rs140407406,4,74834179,t,c,0.0137,0.03,0.0428,0.4841,550044.0
rs74505573,4,74863443,t,c,0.0165,0.0241,0.0346,0.4862,932563.0
rs1594230,4,74841385,t,c,0.1184,0.0084,0.0121,0.4873,958986.0
rs13118512,4,74875713,t,c,0.167,-0.0075,0.0109,0.4905,953575.0
rs4694180,4,74837402,t,c,0.1762,0.0071,0.0104,0.4928,950670.0
rs4694654,4,74805990,t,c,0.1581,0.0084,0.0124,0.4951,588006.0
rs352032,4,74818742,a,g,0.0176,0.0211,0.032,0.5101,923629.0
rs1156554,4,74845132,t,c,0.1197,0.0081,0.0123,0.5105,958944.0
rs1156553,4,74845154,t,g,0.8819,-0.0081,0.0124,0.5125,954279.0
rs2115693,4,74874202,t,c,0.1684,-0.0071,0.0108,0.5138,953598.0
rs11574450,4,74847111,a,c,0.959,0.0134,0.0207,0.5152,958431.0
rs1121107,4,74878650,t,c,0.5239,0.0052,0.008,0.5159,951468.0
rs187082,4,74873602,t,c,0.1154,0.0093,0.0144,0.5213,591192.0
rs149343071,4,74806370,a,g,0.9835,-0.0247,0.0386,0.5221,884371.0
rs6822890,4,74819948,c,g,0.823,-0.0066,0.0103,0.5223,953743.0
rs3756074,4,74848065,c,g,0.0422,-0.013,0.0205,0.5246,958431.0
rs139615988,4,74840082,d,i,0.9513,0.0184,0.0292,0.5281,155499.0
rs353008,4,74886902,a,c,0.9604,-0.0137,0.0219,0.5304,934275.0
rs1898002,4,74807490,a,g,0.8814,-0.0076,0.0121,0.5304,959011.0
rs6840660,4,74887033,t,c,0.4757,-0.005,0.008,0.5332,949001.0
rs6810940,4,74842189,t,c,0.8238,-0.0064,0.0103,0.5377,958968.0
rs352024,4,74797139,t,g,0.1179,0.0075,0.0122,0.5389,950666.0
rs10938105,4,74826087,a,c,0.8227,-0.0063,0.0103,0.5435,952625.0
rs1594229,4,74841564,c,g,0.8812,-0.0074,0.0121,0.5437,958986.0
rs10017182,4,74831488,a,g,0.8231,-0.0062,0.0103,0.5454,953746.0
rs8180167,4,74833373,a,t,0.1764,0.0062,0.0102,0.5455,960976.0
rs6819077,4,74824035,a,g,0.8284,-0.0091,0.0153,0.5535,171448.0
rs4694658,4,74822174,a,g,0.1763,0.0061,0.0103,0.554,953744.0
rs2175498,4,74835367,a,g,0.1759,0.006,0.0103,0.5578,953769.0
rs13128887,4,74821616,a,g,0.8237,-0.006,0.0103,0.5588,953744.0
rs72652911,4,74879202,c,g,0.4765,-0.0045,0.008,0.5675,951474.0
rs4694660,4,74840445,a,t,0.8239,-0.0057,0.0103,0.5765,960981.0
rs1595009,4,74834656,t,c,0.8185,-0.0058,0.0103,0.5774,950545.0
rs72652916,4,74888730,t,g,0.0601,-0.0107,0.0193,0.5775,913889.0
rs114478011,4,74834098,t,g,0.0261,0.015,0.0269,0.5783,947441.0
rs145692835,4,74814641,d,i,0.8456,-0.0087,0.0165,0.5972,155499.0
rs6813021,4,74821146,a,g,0.1771,0.0054,0.0103,0.6031,953743.0
rs10033521,4,74829332,a,c,0.8233,-0.0053,0.0103,0.6048,955725.0
rs164616,4,74798566,t,c,0.1178,0.0062,0.0121,0.6064,960991.0
rs138516538,4,74859002,d,i,0.8332,0.0083,0.0163,0.6077,155499.0
rs3906613,4,74828447,a,g,0.8233,-0.0052,0.0103,0.6111,955726.0
rs138268738,4,74885369,a,t,0.0226,0.0147,0.029,0.6112,938044.0
rs4399951,4,74817095,a,g,0.177,0.0052,0.0103,0.6125,955718.0
rs164615,4,74801525,a,g,0.1176,0.0061,0.0121,0.6146,960991.0
rs991439,4,74886248,c,g,0.4765,-0.004,0.008,0.6192,952010.0
rs113889075,4,74844095,d,i,0.954,0.0146,0.0294,0.6192,155499.0
rs4694656,4,74811199,a,g,0.8814,-0.006,0.0122,0.6234,952649.0
rs6820253,4,74839071,t,c,0.1184,0.0059,0.0122,0.6253,953760.0
rs164758,4,74868461,t,g,0.1442,0.0094,0.0193,0.6255,141086.0
rs352010,4,74855231,a,g,0.1234,0.0059,0.0121,0.6261,950668.0
rs11729931,4,74873635,t,c,0.174,-0.0051,0.0106,0.6293,958891.0
rs394408,4,74849352,t,c,0.1188,0.0059,0.0121,0.6298,959008.0
rs58016186,4,74826711,d,i,0.9824,-0.0246,0.0512,0.631,125906.0
rs4694659,4,74837152,a,c,0.8242,-0.0049,0.0103,0.6325,955751.0
rs442155,4,74851232,a,g,0.8815,-0.0058,0.0122,0.6344,959004.0
rs6446973,4,74838472,a,t,0.1758,0.0049,0.0103,0.6367,955750.0
rs352023,4,74797946,a,t,0.8823,-0.0057,0.0121,0.6385,960991.0
rs352013,4,74810423,t,c,0.1177,0.0057,0.0122,0.64,953770.0
rs447206,4,74849923,a,g,0.1175,0.0057,0.0122,0.6401,959004.0
rs9291189,4,74832037,t,g,0.8241,-0.0048,0.0103,0.6436,955727.0
rs4694661,4,74840613,a,t,0.1761,0.0047,0.0103,0.6476,955726.0
rs377579,4,74851660,t,c,0.1185,0.0055,0.0121,0.6521,959013.0
rs1595008,4,74834458,a,c,0.824,-0.0046,0.0103,0.6532,955722.0
rs614822,4,74823857,a,t,0.8822,-0.0055,0.0122,0.6538,953769.0
rs189511,4,74828639,t,c,0.1178,0.0055,0.0122,0.654,953765.0
rs352009,4,74851693,a,g,0.8815,-0.0054,0.0121,0.6552,959013.0
rs191601,4,74850705,t,c,0.8814,-0.0054,0.0121,0.6561,959013.0
rs11574452,4,74846661,a,c,0.0401,-0.0094,0.0211,0.6573,950076.0
rs422140,4,74881968,t,c,0.5136,-0.0035,0.0079,0.6605,951988.0
rs2457996,4,74856535,t,c,0.8814,-0.0052,0.0121,0.6667,959007.0
rs2367442,4,74816843,a,g,0.2211,0.0044,0.0102,0.6672,928081.0
rs2195545,4,74880234,t,c,0.464,0.0034,0.008,0.6701,952973.0
rs2367443,4,74818406,t,c,0.1768,0.0044,0.0103,0.6712,955722.0
rs416176,4,74826269,t,g,0.8824,-0.0052,0.0122,0.6719,953768.0
rs11333872,4,74844556,d,i,0.0476,-0.0124,0.0293,0.6723,155499.0
rs79751923,4,74891870,c,g,0.0746,0.0066,0.0161,0.6805,953555.0
rs11939236,4,74812831,c,g,0.1722,0.0042,0.0104,0.6836,955724.0
rs2472649,4,74857708,a,g,0.1722,-0.0043,0.0105,0.6843,952649.0
rs4694653,4,74797752,a,g,0.8813,-0.0049,0.0121,0.6857,953767.0
rs352018,4,74805322,t,c,0.1179,0.0048,0.0123,0.6947,945422.0
rs33935231,4,74858369,d,i,0.1126,0.0072,0.0187,0.7014,155499.0
rs149161,4,74885817,a,g,0.5165,-0.0031,0.0081,0.7035,951466.0
rs75313768,4,74821992,t,c,0.977,-0.011,0.029,0.7041,949430.0
rs72855280,4,74835131,a,c,0.0604,0.0064,0.017,0.7061,953761.0
rs352052,4,74884366,a,c,0.4857,0.003,0.0079,0.708,951627.0
rs191180456,4,74826316,t,c,0.0216,-0.0156,0.0418,0.7084,456533.0
rs76991297,4,74803735,t,c,0.0179,0.0191,0.052,0.7139,145799.0
rs552582,4,74855858,a,g,0.1191,0.0043,0.0121,0.7233,959013.0
rs3114083,4,74819876,t,g,0.16,0.0037,0.0107,0.7282,953748.0
rs1025596,4,74810082,c,g,0.8806,-0.0042,0.0121,0.7303,955751.0
rs938094,4,74805942,c,g,0.9557,-0.0068,0.0199,0.7322,951244.0
rs116275494,4,74869031,a,g,0.9646,-0.008,0.0247,0.7453,904726.0
rs12505025,4,74859477,c,g,0.8281,0.0034,0.0105,0.7469,953758.0
rs116254820,4,74804444,a,g,0.0439,0.0064,0.02,0.7474,951244.0
rs164617,4,74796915,a,g,0.1175,0.0038,0.0122,0.7578,955747.0
rs193263,4,74850823,a,t,0.8814,-0.0037,0.0122,0.76,953769.0
rs7666671,4,74807007,a,g,0.0439,0.0061,0.02,0.7618,951244.0
rs78267059,4,74798010,a,g,0.0437,0.006,0.02,0.7637,951245.0
rs168449,4,74850623,t,c,0.1186,0.0036,0.0122,0.7648,953769.0
rs352007,4,74847292,c,g,0.8783,-0.0036,0.0121,0.7665,958988.0
rs2043537,4,74810456,c,g,0.8815,-0.0035,0.0121,0.7741,955751.0
rs76595330,4,74801272,t,g,0.9562,-0.0056,0.02,0.7796,951245.0
rs34989669,4,74819777,d,i,0.0463,-0.008,0.0292,0.7832,153519.0
rs115959394,4,74817524,t,g,0.955,-0.0054,0.0197,0.7847,953215.0
rs151307926,4,74819806,c,g,0.9551,-0.0053,0.0197,0.7877,951235.0
rs75158139,4,74814266,t,c,0.045,0.005,0.0197,0.7998,953215.0
rs12512838,4,74859403,t,c,0.8196,0.0026,0.0105,0.8006,953755.0
rs182192448,4,74822834,a,g,0.0186,0.0128,0.051,0.8013,144378.0
rs1435520,4,74845417,a,c,0.9572,0.0051,0.0203,0.8023,958407.0
rs1821623,4,74804846,c,g,0.1186,0.003,0.0121,0.8072,955747.0
rs12511021,4,74883061,a,t,0.1045,0.0032,0.0142,0.8211,916778.0
rs416046,4,74857682,a,g,0.1005,0.003,0.0131,0.8215,958981.0
rs2195543,4,74829552,a,g,0.0448,0.0042,0.0197,0.8323,953214.0
rs2115695,4,74805472,t,g,0.8403,-0.0023,0.0107,0.8328,955737.0
rs7662553,4,74801389,t,g,0.84,-0.0022,0.0107,0.8357,955737.0
rs34773024,4,74810927,d,i,0.1126,-0.0046,0.0227,0.8396,116837.0
rs75761808,4,74876667,a,g,0.0342,-0.0052,0.0262,0.8419,890607.0
rs7668241,4,74798330,a,g,0.1598,0.0021,0.0107,0.8466,955737.0
rs10805071,4,74799583,a,g,0.1604,0.002,0.0107,0.8477,955737.0
rs426901,4,74857515,a,g,0.8692,-0.0022,0.0116,0.8506,960968.0
rs2437285,4,74860238,t,c,0.1301,0.0021,0.0118,0.8623,945395.0
rs420389,4,74858488,c,g,0.8746,-0.002,0.0118,0.8643,960969.0
rs450373,4,74858051,a,g,0.8749,-0.0019,0.0119,0.87,960970.0
rs352047,4,74862090,c,g,0.1315,0.0019,0.0117,0.8731,960964.0
rs76964017,4,74822879,a,t,0.3493,-0.0026,0.0161,0.8738,129746.0
rs440676,4,74857970,a,c,0.8748,-0.0019,0.0119,0.875,960970.0
rs6813952,4,74844432,a,c,0.9557,0.003,0.0199,0.8785,958444.0
rs187080,4,74856663,t,c,0.1251,0.0017,0.0119,0.8833,960970.0
rs4082827,4,74831180,t,g,0.0446,0.0028,0.0198,0.8878,956478.0
rs79649467,4,74880852,t,g,0.061,-0.0027,0.0195,0.892,887908.0
rs2564596,4,74826935,a,g,0.1628,0.0014,0.0107,0.8941,955728.0
rs2564594,4,74858300,a,t,0.8749,-0.0016,0.0119,0.8948,960970.0
rs352045,4,74864687,t,g,0.1266,0.0015,0.0119,0.9,960961.0
rs409336,4,74857658,a,c,0.8688,-0.0015,0.0116,0.9003,960966.0
rs6446974,4,74877895,a,g,0.5424,0.0009,0.008,0.9106,948181.0
rs74499711,4,74842764,a,g,0.0444,-0.0018,0.0199,0.9282,953204.0
rs352046,4,74864550,c,g,0.8676,-0.001,0.0116,0.9299,955700.0
rs1429637,4,74833446,t,c,0.0444,0.0017,0.0198,0.9325,956478.0
rs79472060,4,74837932,a,g,0.044,0.0012,0.02,0.9518,951246.0
rs11508014,4,74837510,a,g,0.956,-0.0012,0.02,0.9534,951246.0
rs80127839,4,74837229,a,c,0.956,-0.0011,0.02,0.9542,951247.0
rs148686014,4,74807834,d,i,0.0447,-0.0017,0.0298,0.9555,153519.0
rs111643405,4,74817608,t,c,0.0639,-0.0011,0.0196,0.9571,887908.0
rs139239225,4,74810969,d,i,0.0448,-0.0014,0.0296,0.9623,155499.0
rs425535,4,74863997,t,c,0.1268,0.0005,0.012,0.9643,952617.0
rs74693196,4,74822881,a,g,0.3472,0.0,0.0161,0.9978,129746.0
rs183028,4,74851918,a,g,0.1129,0.0,0.0162,0.9991,535043.0
