CAD_hm_variant_id,CAD_hm_rsid,CAD_hm_chrom,CAD_hm_pos,CAD_hm_other_allele,CAD_hm_effect_allele,CAD_hm_beta,CAD_hm_odds_ratio,CAD_hm_ci_lower,CAD_hm_ci_upper,CAD_hm_effect_allele_frequency,CAD_hm_code,CAD_standard_error,CAD_p_value
4_73938018_C_T,rs76991297,4.0,73938018.0,C,T,0.126459,,,,0.012421,11,0.046786,0.0068732
4_73960552_G_T,rs416176,4.0,73960552.0,G,T,0.037525,,,,0.858279,10,0.0150406,0.0125988
4_73941695_C_A,rs114952511,4.0,73941695.0,C,A,0.106339,,,,0.0140339999999999,11,0.0427287,0.0128211
4_73958140_T_A,rs614822,4.0,73958140.0,T,A,0.036685,,,,0.856799,5,0.0148646,0.0135893
4_73968342_A_G,rs351997,4.0,73968342.0,A,G,0.036706,,,,0.857611,10,0.0149233,0.0139074
4_73962922_T_C,rs189511,4.0,73962922.0,T,C,0.036459,,,,0.857419,10,0.0148885,0.0143334
4_74019395_A_T,rs189800271,4.0,74019395.0,A,T,-0.074486,,,,0.0576729999999999,6,0.0306276,0.0150162
4_73957117_G_A,rs182192448,4.0,73957117.0,G,A,0.070376,,,,0.0272,11,0.0296,0.0174272
4_73932229_T_A,rs352023,4.0,73932229.0,T,A,0.034835,,,,0.856607,5,0.0147886,0.0184962
4_73931198_A_G,rs164617,4.0,73931198.0,A,G,0.034371,,,,0.856701,10,0.0147864,0.0200988
4_73944706_T_C,rs352013,4.0,73944706.0,T,C,0.034275,,,,0.856875,10,0.0148005,0.0205695
4_73935808_A_G,rs164615,4.0,73935808.0,A,G,0.034131,,,,0.856748,10,0.0147908,0.021022
4_73931422_T_G,rs352024,4.0,73931422.0,T,G,0.034094,,,,0.856774,10,0.0147973,0.0212186
4_73939605_T_C,rs352018,4.0,73939605.0,T,C,0.034032,,,,0.856798,10,0.0147918,0.0214071
4_73932849_T_C,rs164616,4.0,73932849.0,T,C,0.033989,,,,0.856645,10,0.0147821,0.0214857
4_73951891_C_T,rs111643405,4.0,73951891.0,C,T,0.08329,,,,0.043693,10,0.0366695,0.0231246
4_73985515_G_A,rs442155,4.0,73985515.0,G,A,0.035408,,,,0.865803,10,0.0159476,0.0264008
4_73952153_A_G,rs116275081,4.0,73952153.0,A,G,0.069638,,,,0.020962,11,0.0318508,0.0287875
4_73981575_G_C,rs352007,4.0,73981575.0,G,C,0.032406,,,,0.848973,5,0.0149852,0.0305771
4_73984206_A_G,rs447206,4.0,73984206.0,A,G,0.03441,,,,0.866856,10,0.0159868,0.0313653
4_73959378_T_C,rs116381873,4.0,73959378.0,T,C,0.068398,,,,0.0209289999999999,11,0.0318508,0.0317573
4_73984988_C_T,rs191601,4.0,73984988.0,C,T,0.032105,,,,0.854634,10,0.0151894,0.0345459
4_73985106_T_A,rs193263,4.0,73985106.0,T,A,0.032088,,,,0.854624,5,0.0151883,0.0346287
4_73985976_G_A,rs352009,4.0,73985976.0,G,A,0.032055,,,,0.854645,10,0.0151829,0.0347504
4_73986201_A_G,rs183028,4.0,73986201.0,A,G,0.031954,,,,0.854303,10,0.0151471,0.0348942
4_73950927_G_A,rs75867857,4.0,73950927.0,G,A,0.065993,,,,0.021939,11,0.0313543,0.0353132
4_73985943_T_C,rs377579,4.0,73985943.0,T,C,0.031945,,,,0.854472,10,0.0151829,0.0353775
4_73984906_T_C,rs168449,4.0,73984906.0,T,C,0.031668,,,,0.85478,10,0.0152014,0.03723
4_73996446_A_T,rs139084547,4.0,73996446.0,A,T,-0.098695,,,,0.0122179999999999,6,0.0473997,0.0373256
4_73968462_C_T,rs140407406,4.0,73968462.0,C,T,0.064319,,,,0.021669,11,0.0315031,0.0411844
4_73957162_A_T,rs76964017,4.0,73957162.0,A,T,0.024717,,,,0.584193,6,0.0121066,0.0411893
4_73983635_T_C,rs394408,4.0,73983635.0,T,C,0.031005,,,,0.854411,10,0.0151992,0.0413593
4_73989514_A_G,rs352010,4.0,73989514.0,A,G,0.030383,,,,0.851007,10,0.0151025,0.0442428
4_73973354_T_C,rs6820253,4.0,73973354.0,T,C,0.028808,,,,0.84384,10,0.0143269,0.0443508
4_73975668_T_C,rs1594230,4.0,73975668.0,T,C,0.028413,,,,0.84405,10,0.0143552,0.0477836
4_73990818_C_T,rs2457996,4.0,73990818.0,C,T,0.02992,,,,0.856146,10,0.015159,0.0484109
4_73976855_C_T,rs1836663,4.0,73976855.0,C,T,0.02815,,,,0.844189,10,0.0143715,0.0501428
4_73977301_C_T,rs2472655,4.0,73977301.0,C,T,0.028127,,,,0.844187,10,0.0143791,0.0504524
4_73944739_G_C,rs2043537,4.0,73944739.0,G,C,0.027787,,,,0.842739,5,0.0142487,0.0511592
4_73945482_G_A,rs4694656,4.0,73945482.0,G,A,0.027662,,,,0.842656,10,0.0142357,0.0519985
4_73944365_G_C,rs1025596,4.0,73944365.0,G,C,0.027604,,,,0.838137,5,0.0142063,0.052007
4_73975847_G_C,rs1594229,4.0,73975847.0,G,C,0.027841,,,,0.843478,5,0.0143367,0.0521444
4_73932035_G_A,rs4694653,4.0,73932035.0,G,A,0.027657,,,,0.843302,10,0.0142509,0.052292
4_73941773_G_A,rs1898002,4.0,73941773.0,G,A,0.027069,,,,0.843279,10,0.0142281,0.0571049
4_73961218_A_G,rs2564596,4.0,73961218.0,A,G,0.022833,,,,0.790284,10,0.012137,0.0599346
4_73954159_T_G,rs3114083,4.0,73954159.0,T,G,0.022593,,,,0.804237,10,0.0121946,0.0639237
4_74003779_G_A,rs111720070,4.0,74003779.0,G,A,0.087113,,,,0.024802,10,0.0472183,0.0650524
4_74002744_T_G,rs164758,4.0,74002744.0,T,G,0.027163,,,,0.78395,10,0.0148635,0.0676259
4_74014011_G_C,rs79026193,4.0,74014011.0,G,C,0.085854,,,,0.012344,6,0.0475627,0.0710636
4_73990141_A_G,rs552582,4.0,73990141.0,A,G,0.027057,,,,0.850347,10,0.0150134,0.0715164
4_73979437_G_T,rs1156553,4.0,73979437.0,G,T,0.026134,,,,0.844578,10,0.014681,0.0750566
4_73951772_A_G,rs149754424,4.0,73951772.0,A,G,0.071661,,,,0.015069,10,0.0403335,0.0756157
4_73957164_A_G,rs74693196,4.0,73957164.0,A,G,0.021107,,,,0.592272,11,0.011948,0.0772993
4_73945905_C_T,rs6853814,4.0,73945905.0,C,T,0.035977,,,,0.0923439999999999,11,0.020749,0.0829331
4_73940486_C_T,rs146148599,4.0,73940486.0,C,T,-0.097219,,,,0.0121449999999999,11,0.0580355,0.093902
4_73990946_T_C,rs187080,4.0,73990946.0,T,C,0.0232,,,,0.849496,10,0.0147364,0.1154117
4_73992583_T_A,rs2564594,4.0,73992583.0,T,A,0.023111,,,,0.849348,5,0.0147278,0.1165982
4_73992334_G_A,rs450373,4.0,73992334.0,G,A,0.022992,,,,0.849312,10,0.0147223,0.1183564
4_73992253_C_A,rs440676,4.0,73992253.0,C,A,0.02298,,,,0.849325,10,0.0147212,0.1185214
4_73992771_G_C,rs420389,4.0,73992771.0,G,C,0.022972,,,,0.84909,5,0.0147408,0.1191393
4_73933866_A_G,rs10805071,4.0,73933866.0,A,G,0.018475,,,,0.792117,10,0.0120566,0.1254347
4_73932613_A_G,rs7668241,4.0,73932613.0,A,G,0.018252,,,,0.795036,10,0.0120501,0.1298538
4_73979415_T_C,rs1156554,4.0,73979415.0,T,C,0.022074,,,,0.838574,10,0.0146343,0.1314598
4_73939755_G_T,rs2115695,4.0,73939755.0,G,T,0.017793,,,,0.794702,10,0.0120414,0.1395006
4_73991798_G_A,rs426901,4.0,73991798.0,G,A,0.021351,,,,0.844743,10,0.0144823,0.1404044
4_73940273_T_C,rs4694654,4.0,73940273.0,T,C,0.017543,,,,0.795051,10,0.0120447,0.1452552
4_73991965_A_G,rs416046,4.0,73991965.0,A,G,0.025241,,,,0.879045,10,0.0174826,0.1488003
4_73975638_G_A,rs72855283,4.0,73975638.0,G,A,0.039402,,,,0.031131,11,0.0277055,0.1549765
4_73935672_G_T,rs7662553,4.0,73935672.0,G,T,0.017087,,,,0.793116,10,0.012062,0.1566017
4_73972161_C_T,rs61300937,4.0,73972161.0,C,T,0.038339,,,,0.03124,11,0.027498,0.1632437
4_73998970_T_G,rs352045,4.0,73998970.0,T,G,0.020623,,,,0.850893,10,0.0149852,0.1687523
4_73998280_T_C,rs425535,4.0,73998280.0,T,C,0.020108,,,,0.850975,10,0.0149342,0.1781593
4_74007885_T_C,rs187082,4.0,74007885.0,T,C,0.021452,,,,0.859798,10,0.0160932,0.1825369
4_73993686_C_T,rs12512838,4.0,73993686.0,C,T,0.016388,,,,0.750231,10,0.0122956,0.1825854
4_73996373_C_G,rs352047,4.0,73996373.0,C,G,0.019699,,,,0.847988,5,0.0148114,0.1835219
4_73986864_A_G,rs73824590,4.0,73986864.0,A,G,0.065171,,,,0.010955,11,0.0497591,0.1902874
4_73966320_G_T,rs9291189,4.0,73966320.0,G,T,0.014858,,,,0.768983,10,0.011382,0.1917594
4_73998833_G_C,rs352046,4.0,73998833.0,G,C,0.019125,,,,0.847657,5,0.0147832,0.1957684
4_73955899_G_A,rs13128887,4.0,73955899.0,G,A,0.014656,,,,0.768461,10,0.0113809,0.1978269
4_73956457_A_G,rs4694658,4.0,73956457.0,A,G,0.014608,,,,0.768383,10,0.0113809,0.1992994
4_74015135_G_T,rs79649467,4.0,74015135.0,G,T,0.040384,,,,0.04666,11,0.0318442,0.2047362
4_73952689_T_C,rs2367443,4.0,73952689.0,T,C,0.014364,,,,0.768461,10,0.0113907,0.2072989
4_73955429_A_G,rs6813021,4.0,73955429.0,A,G,0.014345,,,,0.764197,10,0.0114037,0.2084207
4_73994521_T_C,rs2437285,4.0,73994521.0,T,C,0.017242,,,,0.842821,10,0.0144117,0.2315432
4_73956834_G_C,rs35590485,4.0,73956834.0,G,C,0.013711,,,,0.699931,5,0.0114885,0.2326906
4_73960230_C_T,rs429846,4.0,73960230.0,C,T,0.02967,,,,0.0377809999999999,11,0.0250789,0.2367829
4_74019427_A_T,rs144001789,4.0,74019427.0,A,T,0.028882,,,,0.094861,5,0.0244738,0.2379537
4_73953095_G_A,rs352031,4.0,73953095.0,G,A,0.030092,,,,0.0366689999999999,11,0.0257969,0.2434142
4_74012178_A_G,rs6446974,4.0,74012178.0,A,G,-0.01102,,,,0.436795,11,0.0094897,0.2455378
4_74019407_A_T,rs193163430,4.0,74019407.0,A,T,-0.029898,,,,0.07054,6,0.0260131,0.2504142
4_73953025_G_A,rs352032,4.0,73953025.0,G,A,0.028508,,,,0.0372029999999999,11,0.0250018,0.2541867
4_73982527_T_C,rs73824587,4.0,73982527.0,T,C,0.056318,,,,0.0109209999999999,11,0.0497581,0.257703
4_73982484_T_C,rs73824586,4.0,73982484.0,T,C,0.056265,,,,0.0109209999999999,11,0.049757,0.2581408
4_74026153_G_C,rs79751923,4.0,74026153.0,G,C,-0.027029,,,,0.058467,6,0.0240926,0.2619128
4_73991941_C_A,rs409336,4.0,73991941.0,C,A,0.015987,,,,0.840769,10,0.0143182,0.2641874
4_73966114_C_A,rs351996,4.0,73966114.0,C,A,0.026971,,,,0.037803,11,0.0251462,0.2834661
4_73960051_T_C,rs12498174,4.0,73960051.0,T,C,0.011849,,,,0.760072,10,0.0113168,0.2950888
4_73966151_T_C,rs164757,4.0,73966151.0,T,C,0.026211,,,,0.0380249999999999,11,0.0250854,0.2960831
4_74016251_T_C,rs422140,4.0,74016251.0,T,C,0.009535,,,,0.4856709999999999,11,0.009179,0.2989077
4_73997726_C_T,rs74505573,4.0,73997726.0,C,T,-0.048668,,,,0.0157329999999999,11,0.0477213,0.3078051
4_74019511_T_G,rs1625277,4.0,74019511.0,T,G,0.015316,,,,0.303014,11,0.0150384,0.3084608
4_73960599_C_T,rs191180456,4.0,73960599.0,C,T,-0.053423,,,,0.010815,11,0.0526139,0.3099254
4_74013485_G_C,rs72652911,4.0,74013485.0,G,C,-0.009532,,,,0.456932,6,0.0094093,0.311043
4_73960370_C_A,rs10938105,4.0,73960370.0,C,A,0.011304,,,,0.760368,10,0.0113114,0.3176278
4_74012933_T_C,rs1121107,4.0,74012933.0,T,C,-0.009369,,,,0.452287,11,0.0094137,0.3196132
4_73958318_G_A,rs6819077,4.0,73958318.0,G,A,0.011222,,,,0.760458,10,0.0113266,0.3218012
4_73969414_C_A,rs72855280,4.0,73969414.0,C,A,0.01552,,,,0.0941619999999999,11,0.0156652,0.3218174
4_73968694_T_C,rs56174106,4.0,73968694.0,T,C,0.02572,,,,0.035854,11,0.0259686,0.3219648
4_73968939_C_T,rs1595009,4.0,73968939.0,C,T,0.011169,,,,0.745986,10,0.0113853,0.326591
4_73967656_A_T,rs8180167,4.0,73967656.0,A,T,0.011036,,,,0.761102,5,0.0113342,0.3302115
4_73963615_C_A,rs10033521,4.0,73963615.0,C,A,0.010973,,,,0.76074,10,0.0113223,0.3324696
4_73962730_G_A,rs3906613,4.0,73962730.0,G,A,0.010925,,,,0.76067,10,0.0113158,0.3343106
4_73954231_G_C,rs6822890,4.0,73954231.0,G,C,0.010801,,,,0.759039,5,0.011344,0.3410295
4_73956357_T_A,rs4694657,4.0,73956357.0,T,A,0.010764,,,,0.759996,5,0.0113342,0.3422698
4_73951378_A_G,rs4399951,4.0,73951378.0,A,G,0.01071,,,,0.759517,10,0.0113668,0.3460818
4_73959772_C_A,rs13120504,4.0,73959772.0,C,A,0.010666,,,,0.758803,10,0.0113244,0.3462664
4_74018649_C_A,rs352052,4.0,74018649.0,C,A,0.008637,,,,0.484764,11,0.0092964,0.3528515
4_73993760_G_C,rs12505025,4.0,73993760.0,G,C,0.01138,,,,0.784093,5,0.0122749,0.3538788
4_73991991_A_G,rs2472649,4.0,73991991.0,A,G,0.011172,,,,0.782832,10,0.0120729,0.3547689
4_73968741_C_A,rs1595008,4.0,73968741.0,C,A,0.010433,,,,0.760179,10,0.0113103,0.3563036
4_73965771_G_A,rs10017182,4.0,73965771.0,G,A,0.010244,,,,0.759174,10,0.011331,0.3659576
4_73974896_A_T,rs4694661,4.0,73974896.0,A,T,0.010161,,,,0.75988,5,0.0113777,0.3718226
4_73971685_T_C,rs4694180,4.0,73971685.0,T,C,0.009747,,,,0.76018,10,0.0113255,0.3894465
4_73971435_C_A,rs4694659,4.0,73971435.0,C,A,0.009677,,,,0.760153,10,0.0113201,0.3926337
4_73974728_T_A,rs4694660,4.0,73974728.0,T,A,0.009713,,,,0.759908,5,0.0113744,0.3931417
4_74011427_A_G,rs2668076,4.0,74011427.0,A,G,0.011081,,,,0.632588,10,0.0131135,0.3981087
4_74014517_C_T,rs2195545,4.0,74014517.0,C,T,0.008248,,,,0.439199,11,0.0097711,0.3985999
4_73972755_A_T,rs6446973,4.0,73972755.0,A,T,0.009493,,,,0.760326,5,0.011344,0.4026882
4_74020531_G_C,rs991439,4.0,74020531.0,G,C,-0.007941,,,,0.452554,6,0.0095929,0.407785
4_73969650_A_G,rs2175498,4.0,73969650.0,A,G,0.009271,,,,0.760356,10,0.0113092,0.412346
4_73968381_G_T,rs114478011,4.0,73968381.0,G,T,0.032419,,,,0.0225159999999999,11,0.039547,0.4123541
4_73976472_C_T,rs6810940,4.0,73976472.0,C,T,0.009347,,,,0.76011,10,0.0114048,0.4124642
4_74003314_A_G,rs116275494,4.0,74003314.0,A,G,0.031649,,,,0.0289669999999999,11,0.0387899,0.4145526
4_74021316_C_T,rs6840660,4.0,74021316.0,C,T,-0.007802,,,,0.452681,11,0.0095647,0.4146662
4_73947114_C_G,rs11939236,4.0,73947114.0,C,G,0.009141,,,,0.773093,5,0.0115515,0.4287531
4_73956275_T_C,rs75313768,4.0,73956275.0,T,C,0.031166,,,,0.0222269999999999,11,0.039471,0.4297659
4_74020100_A_G,rs149161,4.0,74020100.0,A,G,0.007901,,,,0.464209,11,0.0100166,0.430233
4_74029560_C_T,rs17814280,4.0,74029560.0,C,T,-0.042354,,,,0.017732,10,0.0540184,0.4330016
4_74009996_T_C,rs13118512,4.0,74009996.0,T,C,0.009953,,,,0.796582,10,0.0133601,0.4562853
4_74007918_T_C,rs11729931,4.0,74007918.0,T,C,0.008903,,,,0.779721,10,0.0128398,0.4880645
4_73942105_G_A,rs74829304,4.0,73942105.0,G,A,0.036771,,,,0.013993,10,0.0541857,0.4973847
4_74019509_T_G,rs180775470,4.0,74019509.0,T,G,-0.021566,,,,0.054935,10,0.0334193,0.5187231
4_74010950_G_A,rs75761808,4.0,74010950.0,G,A,0.033256,,,,0.019394,10,0.0518958,0.5216383
4_73997135_T_C,rs3775488,4.0,73997135.0,T,C,-0.007772,,,,0.326069,11,0.0122608,0.5261532
4_74015033_G_A,rs352054,4.0,74015033.0,G,A,-0.01508,,,,0.933412,10,0.0244521,0.5374224
4_74014100_G_C,rs75255850,4.0,74014100.0,G,C,0.029383,,,,0.027158,6,0.0499101,0.5560504
4_74008485_T_C,rs2115693,4.0,74008485.0,T,C,0.007404,,,,0.793672,10,0.0132081,0.5750927
4_74019383_T_A,rs392259,4.0,74019383.0,T,A,0.011133,,,,0.112566,6,0.0229541,0.6276689
4_74019439_A_T,rs188751619,4.0,74019439.0,A,T,0.005591,,,,0.3592079999999999,6,0.0115841,0.6293474
4_73999475_C_T,rs115104021,4.0,73999475.0,C,T,-0.019133,,,,0.034968,10,0.0397773,0.6305146
4_74017344_T_A,rs12511021,4.0,74017344.0,T,A,0.010649,,,,0.088036,6,0.0222774,0.6326372
4_74019652_T_A,rs138268738,4.0,74019652.0,T,A,-0.0172,,,,0.021691,6,0.0366021,0.6384137
4_74006728_A_G,rs16850360,4.0,74006728.0,A,G,-0.010794,,,,0.0462669999999999,11,0.0230215,0.6391652
4_74019642_C_T,rs181931734,4.0,74019642.0,C,T,0.031938,,,,0.009201,11,0.0704267,0.6501938
4_73959100_T_G,rs139071863,4.0,73959100.0,T,G,-0.027329,,,,0.01282,10,0.0631443,0.6651582
4_74016675_C_A,rs74701487,4.0,74016675.0,C,A,0.029285,,,,0.0090839999999999,11,0.0704408,0.6776008
4_74021185_C_A,rs353008,4.0,74021185.0,C,A,-0.00969,,,,0.928012,10,0.0243163,0.6902635
4_73940477_A_T,rs13136948,4.0,73940477.0,A,T,0.004467,,,,0.758251,5,0.0113082,0.6928247
4_73940365_C_T,rs4694655,4.0,73940365.0,C,T,0.004376,,,,0.758229,10,0.0113071,0.6987454
4_73989717_A_G,rs9291191,4.0,73989717.0,A,G,0.019158,,,,0.023599,10,0.0496755,0.6997463
4_73945835_A_G,rs115770184,4.0,73945835.0,A,G,-0.017427,,,,0.030715,10,0.0463537,0.7069486
4_73942211_A_G,rs1435521,4.0,73942211.0,A,G,0.003882,,,,0.75765,10,0.0113082,0.7313787
4_74028656_C_T,rs2115694,4.0,74028656.0,C,T,-0.003577,,,,0.598889,11,0.0105249,0.7339626
4_73940225_C_G,rs938094,4.0,73940225.0,C,G,0.004881,,,,0.0592179999999999,6,0.0194552,0.8019041
4_73971512_A_C,rs80127839,4.0,73971512.0,A,C,0.004662,,,,0.0636179999999999,11,0.0189382,0.8055511
4_73971793_A_G,rs11508014,4.0,73971793.0,A,G,0.004443,,,,0.06361,11,0.018961,0.814734
4_74031388_G_C,rs6837786,4.0,74031388.0,G,C,-0.002469,,,,0.598949,6,0.0105369,0.814737
4_73972215_G_A,rs79472060,4.0,73972215.0,G,A,0.004409,,,,0.063605,11,0.018974,0.8162503
4_73951126_G_A,rs2367442,4.0,73951126.0,G,A,0.003028,,,,0.207785,11,0.0135307,0.8229225
4_73932293_G_A,rs78267059,4.0,73932293.0,G,A,0.004375,,,,0.0549629999999999,11,0.0199093,0.8260686
4_73935555_T_G,rs76595330,4.0,73935555.0,T,G,0.004358,,,,0.055054,11,0.0199115,0.8267523
4_73957359_A_T,rs75300673,4.0,73957359.0,A,T,0.004867,,,,0.099443,5,0.0238058,0.8380049
4_73981394_A_C,rs11574450,4.0,73981394.0,A,C,-0.003529,,,,0.049517,11,0.0211933,0.8677517
4_73982348_G_C,rs3756074,4.0,73982348.0,G,C,-0.002933,,,,0.0496569999999999,6,0.0211889,0.8899075
4_73977047_G_A,rs74499711,4.0,73977047.0,G,A,0.0025,,,,0.064328,11,0.0189936,0.8952821
4_73980944_C_A,rs11574452,4.0,73980944.0,C,A,-0.002729,,,,0.0481449999999999,11,0.0213627,0.8983502
4_73965463_G_T,rs4082827,4.0,73965463.0,G,T,0.002415,,,,0.062069,11,0.0190175,0.8989495
4_73967729_C_T,rs1429637,4.0,73967729.0,C,T,0.002352,,,,0.0618619999999999,11,0.0190642,0.901812
4_73978715_A_C,rs6813952,4.0,73978715.0,A,C,0.002281,,,,0.0641709999999999,11,0.0190316,0.9045993
4_73983720_C_T,rs75985950,4.0,73983720.0,C,T,-0.005638,,,,0.027228,11,0.048335,0.907142
4_74023013_G_T,rs72652916,4.0,74023013.0,G,T,-0.003564,,,,0.037436,11,0.032911,0.9137639
4_73973766_A_C,rs75971653,4.0,73973766.0,A,C,0.00383,,,,0.029944,10,0.0453782,0.932737
4_73963835_G_A,rs2195543,4.0,73963835.0,G,A,0.001585,,,,0.0621239999999999,11,0.0190577,0.9337174
4_73941290_G_A,rs7666671,4.0,73941290.0,G,A,0.00147,,,,0.05688,11,0.0197094,0.940546
4_73938727_G_A,rs116254820,4.0,73938727.0,G,A,0.001401,,,,0.0572599999999999,11,0.0196356,0.9431191
4_73948549_C_T,rs75158139,4.0,73948549.0,C,T,0.00125,,,,0.0625919999999999,11,0.0191402,0.9479291
4_73979700_A_C,rs1435520,4.0,73979700.0,A,C,-0.001262,,,,0.063714,11,0.0201613,0.9500889
4_73951807_T_G,rs115959394,4.0,73951807.0,T,G,0.001187,,,,0.062635,11,0.0191283,0.9505192
4_73954089_C_G,rs151307926,4.0,73954089.0,C,G,0.000913,,,,0.0625949999999999,6,0.0191185,0.9619117
4_73994423_G_A,rs17813879,4.0,73994423.0,G,A,0.00267,,,,0.015038,10,0.0611987,0.9652007
4_74019536_G_A,rs189421458,4.0,74019536.0,G,A,-0.001564,,,,0.026688,10,0.0456204,0.9726515
4_74012251_G_C,rs28574621,4.0,74012251.0,G,C,0.000207,,,,0.047715,5,0.0308775,0.9946511
