MI_hm_variant_id,MI_hm_rsid,MI_hm_chrom,MI_hm_pos,MI_hm_other_allele,MI_hm_effect_allele,MI_hm_beta,MI_hm_odds_ratio,MI_hm_ci_lower,MI_hm_ci_upper,MI_hm_effect_allele_frequency,MI_hm_code,MI_p_value,MI_standard_error
4_73975638_G_A,rs72855283,4.0,73975638.0,G,A,0.053778,1.05525,1.008609,1.104048,0.026926,10,0.019736,0.023064
4_73952153_A_G,rs116275081,4.0,73952153.0,A,G,0.06305,1.06508,1.010059,1.123099,0.016554,10,0.019837,0.027062
4_73968694_T_C,rs56174106,4.0,73968694.0,T,C,0.050657,1.051962,1.007445,1.098446,0.030634,10,0.021684,0.022061
4_73959378_T_C,rs116381873,4.0,73959378.0,T,C,0.062131,1.064102,1.009127,1.122071,0.016541,10,0.021713,0.027064
4_73960230_C_T,rs429846,4.0,73960230.0,C,T,0.049061,1.050284,1.006888,1.095551,0.032223,10,0.022698,0.021529
4_73953025_G_A,rs352032,4.0,73953025.0,G,A,0.047853,1.049016,1.005926,1.093952,0.032879,10,0.025364,0.0214
4_73950927_G_A,rs75867857,4.0,73950927.0,G,A,0.059227,1.061016,1.006909,1.118031,0.017342,10,0.026588,0.026705
4_73957117_G_A,rs182192448,4.0,73957117.0,G,A,0.055266,1.056822,1.006215,1.109974,0.021857,10,0.027304,0.025036
4_73972161_C_T,rs61300937,4.0,73972161.0,C,T,0.050291,1.051577,1.00524,1.10005,0.027053,10,0.028743,0.022992
4_73966151_T_C,rs164757,4.0,73966151.0,T,C,0.047033,1.048157,1.00484,1.09334,0.032362,10,0.028962,0.021533
4_73966114_C_A,rs351996,4.0,73966114.0,C,A,0.046996,1.048118,1.004748,1.09336,0.032236,10,0.029303,0.021561
4_73953095_G_A,rs352031,4.0,73953095.0,G,A,0.047352,1.048491,1.004314,1.094611,0.031583,10,0.031108,0.021963
4_73968462_C_T,rs140407406,4.0,73968462.0,C,T,0.056939,1.058591,1.004484,1.115613,0.0172,10,0.033429,0.026768
4_73951772_A_G,rs149754424,4.0,73951772.0,A,G,0.063383,1.065435,0.996481,1.13916,0.011519,10,0.063365,0.034137
4_73951891_C_T,rs111643405,4.0,73951891.0,C,T,0.040446,1.041275,0.99706,1.087451,0.043242,10,0.067706,0.022138
4_73938018_C_T,rs76991297,4.0,73938018.0,C,T,0.072757,1.075469,0.993117,1.164651,0.009337,10,0.07345,0.040645
4_73989717_A_G,rs9291191,4.0,73989717.0,A,G,0.047424,1.048567,0.994597,1.105464,0.026781,10,0.078576,0.02696
4_74012178_A_G,rs6446974,4.0,74012178.0,A,G,-0.01273,0.987351,0.972863,1.002054,0.43877,10,0.091443,0.007542
4_73945905_C_T,rs6853814,4.0,73945905.0,C,T,0.022254,1.022503,0.996182,1.049521,0.106451,10,0.094438,0.013306
4_73951126_G_A,rs2367442,4.0,73951126.0,G,A,-0.016564,0.983572,0.964469,1.003054,0.209414,10,0.09788,0.010007
4_74012933_T_C,rs1121107,4.0,74012933.0,T,C,-0.012092,0.987981,0.973558,1.002617,0.455169,10,0.107039,0.007503
4_74020531_G_C,rs991439,4.0,74020531.0,G,C,-0.012221,0.987853,0.973205,1.002722,0.456406,5,0.108858,0.007622
4_74021316_C_T,rs6840660,4.0,74021316.0,C,T,-0.012179,0.987895,0.97325,1.00276,0.457092,10,0.109976,0.00762
4_73986864_A_G,rs73824590,4.0,73986864.0,A,G,0.059449,1.061252,0.98632,1.141876,0.010926,10,0.11154,0.037359
4_73980944_C_A,rs11574452,4.0,73980944.0,C,A,-0.02799,0.972398,0.939106,1.006871,0.04552,10,0.115318,0.017774
4_73982484_T_C,rs73824586,4.0,73982484.0,T,C,0.056753,1.058394,0.983383,1.139128,0.010818,10,0.130217,0.037505
4_73982527_T_C,rs73824587,4.0,73982527.0,T,C,0.056008,1.057606,0.982679,1.138246,0.010825,10,0.135179,0.03749
4_74013485_G_C,rs72652911,4.0,74013485.0,G,C,-0.011118,0.988944,0.974512,1.003588,0.458184,5,0.138203,0.0075
4_74016251_T_C,rs422140,4.0,74016251.0,T,C,0.010705,1.010763,0.996157,1.025582,0.481767,10,0.14941,0.007426
4_73981394_A_C,rs11574450,4.0,73981394.0,A,C,-0.024911,0.975397,0.942584,1.009352,0.047066,10,0.153615,0.017459
4_74020100_A_G,rs149161,4.0,74020100.0,A,G,0.011075,1.011137,0.995835,1.026673,0.463723,10,0.154562,0.00778
4_74018649_C_A,rs352052,4.0,74018649.0,C,A,0.010386,1.01044,0.995814,1.025281,0.480497,10,0.162666,0.007439
4_73941290_G_A,rs7666671,4.0,73941290.0,G,A,-0.022369,0.977879,0.946987,1.009779,0.053305,10,0.17197,0.016378
4_74014517_C_T,rs2195545,4.0,74014517.0,C,T,0.010104,1.010155,0.995087,1.025452,0.440934,10,0.187577,0.007668
4_73941695_C_A,rs114952511,4.0,73941695.0,C,A,0.047082,1.048208,0.976914,1.124705,0.011372,10,0.190147,0.035938
4_74006728_A_G,rs16850360,4.0,74006728.0,A,G,-0.023386,0.976885,0.942763,1.012243,0.045208,10,0.197302,0.01814
4_73965463_G_T,rs4082827,4.0,73965463.0,G,T,-0.020628,0.979583,0.94913,1.011014,0.055606,10,0.200447,0.016113
4_73978715_A_C,rs6813952,4.0,73978715.0,A,C,-0.020497,0.979712,0.949119,1.011291,0.056363,10,0.205383,0.016186
4_73935555_T_G,rs76595330,4.0,73935555.0,T,G,-0.020902,0.979315,0.948113,1.011543,0.051587,10,0.205762,0.01652
4_73938727_G_A,rs116254820,4.0,73938727.0,G,A,-0.02042,0.979787,0.948913,1.011666,0.053679,10,0.211269,0.016336
4_73979700_A_C,rs1435520,4.0,73979700.0,A,C,-0.021195,0.979028,0.946981,1.012159,0.053762,10,0.211923,0.01698
4_73997135_T_C,rs3775488,4.0,73997135.0,T,C,-0.011198,0.988864,0.971625,1.00641,0.324082,10,0.212042,0.008973
4_73932293_G_A,rs78267059,4.0,73932293.0,G,A,-0.020576,0.979634,0.948419,1.011877,0.05153,10,0.212975,0.016522
4_73954089_C_G,rs151307926,4.0,73954089.0,C,G,-0.019883,0.980313,0.94989,1.011712,0.055738,5,0.216397,0.016085
4_73997726_C_T,rs74505573,4.0,73997726.0,C,T,0.0424,1.043312,0.975422,1.115926,0.014538,10,0.216772,0.034329
4_73948549_C_T,rs75158139,4.0,73948549.0,C,T,-0.019881,0.980315,0.949858,1.011749,0.055777,10,0.216952,0.016103
4_73951807_T_G,rs115959394,4.0,73951807.0,T,G,-0.019829,0.980366,0.949932,1.011776,0.055778,10,0.217787,0.01609
4_73982348_G_C,rs3756074,4.0,73982348.0,G,C,-0.02065,0.979562,0.946982,1.013263,0.048409,5,0.231466,0.017258
4_73963835_G_A,rs2195543,4.0,73963835.0,G,A,-0.018928,0.98125,0.95087,1.012601,0.055485,10,0.238135,0.016046
4_73940225_C_G,rs938094,4.0,73940225.0,C,G,-0.018858,0.981319,0.950627,1.013001,0.05523,5,0.244724,0.016212
4_73954159_T_G,rs3114083,4.0,73954159.0,T,G,0.011391,1.011456,0.992155,1.031133,0.806688,10,0.24655,0.00983
4_73967729_C_T,rs1429637,4.0,73967729.0,C,T,-0.018229,0.981936,0.951494,1.013353,0.055279,10,0.256565,0.016068
4_74014011_G_C,rs79026193,4.0,74014011.0,G,C,0.042945,1.04388,0.969164,1.124357,0.011216,5,0.257027,0.037891
4_73961218_A_G,rs2564596,4.0,73961218.0,A,G,0.010944,1.011004,0.991753,1.030629,0.800238,10,0.26452,0.009809
4_73977047_G_A,rs74499711,4.0,73977047.0,G,A,-0.017723,0.982433,0.951988,1.013852,0.056448,10,0.269814,0.016061
4_73957359_A_T,rs75300673,4.0,73957359.0,A,T,0.013869,1.013966,0.987467,1.041176,0.122034,5,0.304635,0.013511
4_73972215_G_A,rs79472060,4.0,73972215.0,G,A,-0.016199,0.983931,0.953463,1.015374,0.056159,10,0.312802,0.016049
4_74023013_G_T,rs72652916,4.0,74023013.0,G,T,-0.018824,0.981352,0.945651,1.018401,0.050766,10,0.319413,0.018907
4_73971793_A_G,rs11508014,4.0,73971793.0,A,G,-0.015961,0.984166,0.953699,1.015606,0.056156,10,0.319822,0.016044
4_73971512_A_C,rs80127839,4.0,73971512.0,A,C,-0.015816,0.984308,0.953856,1.015733,0.056154,10,0.323945,0.016034
4_73932613_A_G,rs7668241,4.0,73932613.0,A,G,0.008946,1.008986,0.989919,1.028421,0.796678,10,0.358087,0.009734
4_73940273_T_C,rs4694654,4.0,73940273.0,T,C,0.008906,1.008946,0.989879,1.02838,0.796939,10,0.360198,0.009734
4_73933866_A_G,rs10805071,4.0,73933866.0,A,G,0.008783,1.008822,0.989753,1.028257,0.795379,10,0.367008,0.009736
4_74017344_T_A,rs12511021,4.0,74017344.0,T,A,0.012755,1.012837,0.984818,1.041653,0.096884,5,0.372818,0.014313
4_73935672_G_T,rs7662553,4.0,73935672.0,G,T,0.008576,1.008613,0.989541,1.028053,0.79584,10,0.378599,0.00974
4_73939755_G_T,rs2115695,4.0,73939755.0,G,T,0.008531,1.008567,0.989512,1.02799,0.796563,10,0.380709,0.009732
4_73983720_C_T,rs75985950,4.0,73983720.0,C,T,0.024195,1.02449,0.969015,1.083141,0.026823,10,0.394299,0.028403
4_73959100_T_G,rs139071863,4.0,73959100.0,T,G,-0.03009,0.970358,0.895947,1.050949,0.01292,10,0.459791,0.040706
4_73942105_G_A,rs74829304,4.0,73942105.0,G,A,0.023363,1.023638,0.957119,1.09478,0.015347,10,0.495566,0.034281
4_73960599_C_T,rs191180456,4.0,73960599.0,C,T,-0.026221,0.97412,0.899671,1.05473,0.010067,10,0.518026,0.040564
4_73968342_A_G,rs351997,4.0,73968342.0,A,G,0.007435,1.007463,0.98458,1.030877,0.858306,10,0.525895,0.011722
4_74019536_G_A,rs189421458,4.0,74019536.0,G,A,0.024078,1.02437,0.950162,1.104375,0.018404,10,0.530306,0.038368
4_73958140_T_A,rs614822,4.0,73958140.0,T,A,0.007103,1.007128,0.984319,1.030466,0.858089,5,0.543407,0.011688
4_73962922_T_C,rs189511,4.0,73962922.0,T,C,0.007089,1.007114,0.984268,1.03049,0.858456,10,0.544833,0.011707
4_74003779_G_A,rs111720070,4.0,74003779.0,G,A,0.021162,1.021388,0.953249,1.094396,0.019564,10,0.54801,0.035225
4_73939605_T_C,rs352018,4.0,73939605.0,T,C,0.006692,1.006714,0.984003,1.02995,0.858004,10,0.565469,0.011642
4_73931198_A_G,rs164617,4.0,73931198.0,A,G,0.006472,1.006493,0.983796,1.029713,0.858087,10,0.578133,0.011637
4_74029560_C_T,rs17814280,4.0,74029560.0,C,T,-0.016865,0.983276,0.926202,1.043868,0.020738,10,0.58043,0.030509
4_73960552_G_T,rs416176,4.0,73960552.0,G,T,0.006472,1.006493,0.983565,1.029956,0.859014,10,0.582005,0.011757
4_73999475_C_T,rs115104021,4.0,73999475.0,C,T,0.01325,1.013338,0.966059,1.062932,0.033782,10,0.586788,0.024378
4_74014100_G_C,rs75255850,4.0,74014100.0,G,C,0.015823,1.015949,0.959282,1.075963,0.025307,5,0.58896,0.029282
4_73935808_A_G,rs164615,4.0,73935808.0,A,G,0.006247,1.006267,0.983565,1.029492,0.858096,10,0.591553,0.011642
4_73932849_T_C,rs164616,4.0,73932849.0,T,C,0.005953,1.005971,0.983292,1.029173,0.858026,10,0.60887,0.011634
4_74009996_T_C,rs13118512,4.0,74009996.0,T,C,0.005248,1.005262,0.985148,1.025786,0.799077,10,0.610817,0.010312
4_73944706_T_C,rs352013,4.0,73944706.0,T,C,0.005697,1.005713,0.983007,1.028944,0.858134,10,0.624881,0.011651
4_73996446_A_T,rs139084547,4.0,73996446.0,A,T,-0.016982,0.983161,0.915326,1.056024,0.011482,5,0.641555,0.036476
4_73931422_T_G,rs352024,4.0,73931422.0,T,G,0.005412,1.005427,0.982631,1.028752,0.85765,10,0.643723,0.011701
4_74028656_C_T,rs2115694,4.0,74028656.0,C,T,-0.003773,0.9962342345932376,0.9803123863450326,1.012414223204939,0.6142369999999999,11,0.646256,0.00822
4_73932229_T_A,rs352023,4.0,73932229.0,T,A,0.00531,1.005324,0.982536,1.028641,0.857626,5,0.649874,0.011698
4_73994521_T_C,rs2437285,4.0,73994521.0,T,C,-0.004998,0.995014,0.973082,1.017441,0.841311,10,0.660324,0.011372
4_73969414_C_A,rs72855280,4.0,73969414.0,C,A,0.005659,1.005675,0.979804,1.03223,0.082527,10,0.670417,0.013297
4_74021185_C_A,rs353008,4.0,74021185.0,C,A,-0.008327,0.991708,0.953275,1.03169,0.942112,10,0.679685,0.020166
4_74008485_T_C,rs2115693,4.0,74008485.0,T,C,0.004212,1.004221,0.984313,1.024531,0.796786,10,0.680147,0.010216
4_73991941_C_A,rs409336,4.0,73991941.0,C,A,-0.0045,0.99551,0.973776,1.017729,0.839014,10,0.689467,0.011262
4_74015033_G_A,rs352054,4.0,74015033.0,G,A,-0.00789,0.992141,0.954426,1.031346,0.944926,10,0.689871,0.019773
4_74012251_G_C,rs28574621,4.0,74012251.0,G,C,-0.009363,0.990681,0.944934,1.038642,0.033994,5,0.697916,0.024121
4_73984206_A_G,rs447206,4.0,73984206.0,A,G,0.004638,1.004649,0.980912,1.028959,0.863318,10,0.703837,0.012199
4_74011427_A_G,rs2668076,4.0,74011427.0,A,G,0.00331,1.003315,0.986221,1.020707,0.617696,10,0.7058,0.008768
4_74031388_G_C,rs6837786,4.0,74031388.0,G,C,-0.003091,0.996914,0.980971,1.013115,0.613753,5,0.707051,0.008225
4_73985515_G_A,rs442155,4.0,73985515.0,G,A,0.004589,1.0046,0.980803,1.028974,0.86189,10,0.70755,0.012231
4_73956275_T_C,rs75313768,4.0,73956275.0,T,C,-0.010669,0.989388,0.934192,1.047845,0.020032,10,0.71567,0.029288
4_74015135_G_T,rs79649467,4.0,74015135.0,G,T,0.007167,1.007193,0.966967,1.049092,0.047118,10,0.730352,0.020795
4_73998833_G_C,rs352046,4.0,73998833.0,G,C,-0.003824,0.996183,0.974085,1.018782,0.843282,5,0.738288,0.011445
4_73993686_C_T,rs12512838,4.0,73993686.0,C,T,0.003168,1.003173,0.984096,1.02262,0.768423,10,0.746396,0.009796
4_74002744_T_G,rs164758,4.0,74002744.0,T,G,0.003613,1.00362,0.980834,1.026935,0.82321,10,0.757825,0.011717
4_73996373_C_G,rs352047,4.0,73996373.0,C,G,-0.003447,0.996559,0.974403,1.019219,0.844003,5,0.763799,0.011471
4_73942211_A_G,rs1435521,4.0,73942211.0,A,G,-0.002748,0.997256,0.97945,1.015385,0.764807,10,0.764993,0.009192
4_73981575_G_C,rs352007,4.0,73981575.0,G,C,0.003225,1.00323,0.980545,1.02644,0.847953,5,0.782293,0.011669
4_74019652_T_A,rs138268738,4.0,74019652.0,T,A,0.008099,1.008132,0.949939,1.06989,0.017519,5,0.789488,0.030335
4_73973766_A_C,rs75971653,4.0,73973766.0,A,C,-0.006833,0.99319,0.942836,1.046234,0.031477,10,0.796871,0.026546
4_73944365_G_C,rs1025596,4.0,73944365.0,G,C,0.002917,1.002921,0.980864,1.025474,0.843567,5,0.797086,0.011346
4_73973354_T_C,rs6820253,4.0,73973354.0,T,C,0.002798,1.002802,0.980611,1.025495,0.847452,10,0.806394,0.011417
4_73969650_A_G,rs2175498,4.0,73969650.0,A,G,-0.00226,0.997743,0.979803,1.016011,0.76912,10,0.80712,0.009257
4_73991798_G_A,rs426901,4.0,73991798.0,G,A,-0.002646,0.997357,0.975448,1.019759,0.841963,10,0.815402,0.011333
4_73932035_G_A,rs4694653,4.0,73932035.0,G,A,0.002645,1.002649,0.980574,1.025219,0.846366,10,0.815825,0.011358
4_73976472_C_T,rs6810940,4.0,73976472.0,C,T,-0.002175,0.997827,0.979723,1.016266,0.768218,10,0.815905,0.009342
4_73972755_A_T,rs6446973,4.0,73972755.0,A,T,-0.002116,0.997886,0.979911,1.016191,0.769118,5,0.819533,0.009274
4_73957162_A_T,rs76964017,4.0,73957162.0,A,T,0.002154,1.002156,0.983551,1.021113,0.681375,5,0.821762,0.009561
4_73940365_C_T,rs4694655,4.0,73940365.0,C,T,-0.00206,0.997942,0.980126,1.016082,0.765407,10,0.822615,0.009191
4_73985943_T_C,rs377579,4.0,73985943.0,T,C,0.002628,1.002631,0.979678,1.026123,0.852323,10,0.823977,0.011816
4_73940477_A_T,rs13136948,4.0,73940477.0,A,T,-0.001992,0.99801,0.980192,1.016151,0.76541,5,0.828446,0.009191
4_73944739_G_C,rs2043537,4.0,73944739.0,G,C,0.002455,1.002458,0.980377,1.025037,0.845708,5,0.828922,0.011364
4_73986201_A_G,rs183028,4.0,73986201.0,A,G,0.002544,1.002547,0.979613,1.026018,0.852219,10,0.829416,0.011807
4_73975668_T_C,rs1594230,4.0,73975668.0,T,C,0.002452,1.002455,0.980258,1.025154,0.847411,10,0.830023,0.011424
4_73979437_G_T,rs1156553,4.0,73979437.0,G,T,-0.002482,0.997521,0.97503,1.020531,0.846814,10,0.831092,0.011635
4_73974728_T_A,rs4694660,4.0,73974728.0,T,A,-0.001973,0.998029,0.980032,1.016356,0.7689,5,0.831661,0.009284
4_73955429_A_G,rs6813021,4.0,73955429.0,A,G,0.001963,1.001965,0.98393,1.02033,0.773855,10,0.832228,0.009267
4_73945482_G_A,rs4694656,4.0,73945482.0,G,A,0.002381,1.002384,0.980314,1.024951,0.845687,10,0.83396,0.011359
4_73985976_G_A,rs352009,4.0,73985976.0,G,A,0.002418,1.002421,0.97947,1.025909,0.852502,10,0.837864,0.011817
4_73984906_T_C,rs168449,4.0,73984906.0,T,C,0.002402,1.002405,0.979443,1.025905,0.852602,10,0.838998,0.011823
4_73984988_C_T,rs191601,4.0,73984988.0,C,T,0.002387,1.00239,0.979436,1.025881,0.852501,10,0.839965,0.011819
4_73985106_T_A,rs193263,4.0,73985106.0,T,A,0.002364,1.002367,0.979414,1.025858,0.852504,5,0.841453,0.011819
4_73971435_C_A,rs4694659,4.0,73971435.0,C,A,-0.001843,0.998159,0.9802,1.016446,0.76904,10,0.842295,0.009263
4_73971685_T_C,rs4694180,4.0,73971685.0,T,C,-0.001804,0.998198,0.980235,1.01649,0.769061,10,0.845639,0.009265
4_73979415_T_C,rs1156554,4.0,73979415.0,T,C,-0.002209,0.997793,0.975446,1.020653,0.844927,10,0.848414,0.011557
4_73976855_C_T,rs1836663,4.0,73976855.0,C,T,0.002153,1.002155,0.979952,1.024862,0.847443,10,0.850619,0.011431
4_73991991_A_G,rs2472649,4.0,73991991.0,A,G,0.001786,1.001788,0.982923,1.021014,0.783457,10,0.853908,0.009699
4_73994423_G_A,rs17813879,4.0,73994423.0,G,A,0.006519,1.00654,0.93832,1.079721,0.015697,10,0.855524,0.035808
4_73941773_G_A,rs1898002,4.0,73941773.0,G,A,0.002019,1.002021,0.97997,1.024568,0.846364,10,0.858818,0.011353
4_73993760_G_C,rs12505025,4.0,73993760.0,G,C,0.001699,1.0017,0.98267,1.021099,0.78434,5,0.862155,0.009786
4_73975847_G_C,rs1594229,4.0,73975847.0,G,C,0.001962,1.001964,0.979797,1.024632,0.847182,5,0.863478,0.011414
4_73974896_A_T,rs4694661,4.0,73974896.0,A,T,-0.001602,0.998399,0.980306,1.016827,0.768174,5,0.863635,0.009331
4_73990818_C_T,rs2457996,4.0,73990818.0,C,T,0.002003,1.002005,0.979027,1.025522,0.853042,10,0.865574,0.011836
4_73957164_A_G,rs74693196,4.0,73957164.0,A,G,0.001603,1.001604,0.983112,1.020445,0.684547,10,0.866117,0.009508
4_73989514_A_G,rs352010,4.0,73989514.0,A,G,0.00189,1.001892,0.979103,1.025211,0.848388,10,0.872077,0.011739
4_74016675_C_A,rs74701487,4.0,74016675.0,C,A,0.007291,1.007318,0.920232,1.102645,0.009835,10,0.874401,0.046133
4_73968741_C_A,rs1595008,4.0,73968741.0,C,A,-0.001379,0.998622,0.980667,1.016906,0.769108,10,0.881595,0.009257
4_74007885_T_C,rs187082,4.0,74007885.0,T,C,0.001619,1.00162,0.978094,1.025713,0.857434,10,0.893755,0.012127
4_73955899_G_A,rs13128887,4.0,73955899.0,G,A,0.001226,1.001227,0.983219,1.019565,0.775746,10,0.89469,0.00926
4_73956834_G_C,rs35590485,4.0,73956834.0,G,C,0.001208,1.001209,0.983066,1.019686,0.741192,5,0.896955,0.00933
4_73965771_G_A,rs10017182,4.0,73965771.0,G,A,-0.001147,0.998854,0.980913,1.017122,0.767916,10,0.90125,0.009247
4_74010950_G_A,rs75761808,4.0,74010950.0,G,A,-0.003673,0.996334,0.937812,1.058507,0.021523,10,0.905319,0.030884
4_73956457_A_G,rs4694658,4.0,73956457.0,A,G,0.001066,1.001067,0.983061,1.019401,0.775698,10,0.908359,0.00926
4_73968939_C_T,rs1595009,4.0,73968939.0,C,T,-0.001035,0.998966,0.980929,1.017334,0.761831,10,0.911303,0.009296
4_73968381_G_T,rs114478011,4.0,73968381.0,G,T,-0.00305,0.996955,0.944795,1.051994,0.022673,10,0.911401,0.027417
4_73983635_T_C,rs394408,4.0,73983635.0,T,C,0.001314,1.001315,0.978267,1.024906,0.85179,10,0.91191,0.011881
4_73952689_T_C,rs2367443,4.0,73952689.0,T,C,0.000969,1.000969,0.98296,1.019309,0.775713,10,0.916686,0.009263
4_73945835_A_G,rs115770184,4.0,73945835.0,A,G,-0.002639,0.997364,0.947907,1.049403,0.031591,10,0.918974,0.025949
4_73966320_G_T,rs9291189,4.0,73966320.0,G,T,0.000917,1.000917,0.982821,1.019347,0.775539,10,0.921519,0.009309
4_74007918_T_C,rs11729931,4.0,74007918.0,T,C,0.000927,1.000927,0.981512,1.020727,0.782033,10,0.926054,0.009994
4_73998280_T_C,rs425535,4.0,73998280.0,T,C,-0.001038,0.998963,0.976403,1.022043,0.848422,10,0.928983,0.011654
4_73990946_T_C,rs187080,4.0,73990946.0,T,C,0.000962,1.000962,0.978479,1.023963,0.848318,10,0.93385,0.011591
4_73998970_T_G,rs352045,4.0,73998970.0,T,G,-0.000896,0.999104,0.9765,1.022232,0.848372,10,0.938792,0.011676
4_73954231_G_C,rs6822890,4.0,73954231.0,G,C,-0.000641,0.999359,0.981398,1.017649,0.767983,5,0.94471,0.009253
4_73951378_A_G,rs4399951,4.0,73951378.0,A,G,-0.000525,0.999475,0.981495,1.017785,0.768212,10,0.95477,0.009262
4_73992771_G_C,rs420389,4.0,73992771.0,G,C,0.000646,1.000646,0.978171,1.023637,0.848012,5,0.955544,0.01159
4_73977301_C_T,rs2472655,4.0,73977301.0,C,T,0.000605,1.000605,0.978321,1.023397,0.846772,10,0.957959,0.011491
4_73992253_C_A,rs440676,4.0,73992253.0,C,A,0.000545,1.000545,0.978092,1.023514,0.848075,10,0.962473,0.01158
4_74003314_A_G,rs116275494,4.0,74003314.0,A,G,0.001177,1.001178,0.952165,1.052713,0.028418,10,0.963315,0.025609
4_73992334_G_A,rs450373,4.0,73992334.0,G,A,0.00051,1.00051,0.978054,1.023482,0.848091,10,0.964886,0.011582
4_73947114_C_G,rs11939236,4.0,73947114.0,C,G,0.000412,1.000412,0.982217,1.018945,0.779407,5,0.964926,0.009365
4_74026153_G_C,rs79751923,4.0,74026153.0,G,C,0.00069,1.00069,0.968369,1.03409,0.061377,5,0.967109,0.016751
4_73991965_A_G,rs416046,4.0,73991965.0,A,G,-0.000489,0.999511,0.97381,1.025891,0.876705,10,0.970626,0.013291
4_73963615_C_A,rs10033521,4.0,73963615.0,C,A,0.000273,1.000273,0.982317,1.018557,0.769622,10,0.976396,0.009242
4_73990141_A_G,rs552582,4.0,73990141.0,A,G,0.000335,1.000335,0.977457,1.023748,0.848713,10,0.977345,0.011804
4_73992583_T_A,rs2564594,4.0,73992583.0,T,A,0.000288,1.000288,0.977722,1.023375,0.847514,5,0.98024,0.011642
4_73960370_C_A,rs10938105,4.0,73960370.0,C,A,0.000228,1.000228,0.982286,1.018498,0.769332,10,0.980285,0.009235
4_73962730_G_A,rs3906613,4.0,73962730.0,G,A,0.000179,1.000179,0.982228,1.018458,0.769609,10,0.984562,0.00924
4_73956357_T_A,rs4694657,4.0,73956357.0,T,A,0.000141,1.000141,0.982183,1.018427,0.769116,5,0.987816,0.009244
4_73960051_T_C,rs12498174,4.0,73960051.0,T,C,7e-05,1.00007,0.982125,1.018343,0.769323,10,0.993925,0.009238
4_73959772_C_A,rs13120504,4.0,73959772.0,C,A,6.9e-05,1.000069,0.982118,1.018348,0.76874,10,0.994,0.009241
4_73967656_A_T,rs8180167,4.0,73967656.0,A,T,-3e-05,0.99997,0.982006,1.018263,0.769855,5,0.997431,0.009249
